Handle,Title,Body (HTML),Vendor,Product Category,Type,Tags,Published,Option1 Name,Option1 Value,Option2 Name,Option2 Value,Option3 Name,Option3 Value,Variant SKU,Variant Grams,Variant Inventory Tracker,Variant Inventory Qty,Variant Inventory Policy,Variant Fulfillment Service,Variant Price,Variant Compare At Price,Variant Requires Shipping,Variant Taxable,Variant Barcode,Image Src,Image Position,Image Alt Text,Gift Card,SEO Title,SEO Description,Google Shopping / Google Product Category,Google Shopping / Gender,Google Shopping / Age Group,Google Shopping / MPN,Google Shopping / Condition,Google Shopping / Custom Product,Google Shopping / Custom Label 0,Google Shopping / Custom Label 1,Google Shopping / Custom Label 2,Google Shopping / Custom Label 3,Google Shopping / Custom Label 4,Variant Image,Variant Weight Unit,Variant Tax Code,Cost per item,Included / Vietnam,Price / Vietnam,Compare At Price / Vietnam,Included / International,Price / International,Compare At Price / International,Status
blue-silk-tuxedo,Blue Silk Tuxedo,"<p>Blue silk tuxedo with marbled aquatic pattern and dark lining. Sleeves are complete with rounded hem and black buttons.</p>
<p>The patented eighteen-inch hardwood Arrowhead deck --- finely mortised in, makes this the strongest and most rigid canoe ever built. You cannot buy a canoe that will afford greater satisfaction.</p>
<p>The St. Louis Meramec Canoe Company was founded by Alfred Wickett in 1922. Wickett had previously worked for the Old Town Canoe Co from 1900 to 1914. Manufacturing of the classic wooden canoes in Valley Park, Missouri ceased in 1978.</p>
<ul>
<li>Regular fit, mid-weight t-shirt</li>
<li>Natural color, 100% premium combed organic cotton</li>
<li>Quality cotton grown without the use of herbicides or pesticides - GOTS certified</li>
<li>Soft touch water based printed in the USA</li>
</ul>",partners-demo,,"",men,true,Color,Pink,Size,Small,,,"",0.0,,0,deny,manual,70,,true,true,"",https://cdn.shopify.com/s/files/1/0874/8928/2359/files/CMM6590.webp?v=1714211055,1,"",false,,,,,,,,,,,,,,,kg,,,true,,,true,,,active
blue-silk-tuxedo,,,,,,,,,Pink,,Medium,,,"",0.0,,1,deny,manual,70,,true,true,"",https://cdn.shopify.com/s/files/1/0874/8928/2359/files/CMM6589.webp?v=1714211055,2,"",,,,,,,,,,,,,,,,kg,,,,,,,,,
blue-silk-tuxedo,,,,,,,,,Pink,,Large,,,"",0.0,,0,deny,manual,70,,true,true,"",https://cdn.shopify.com/s/files/1/0874/8928/2359/files/CMM6591.webp?v=1714211050,3,"",,,,,,,,,,,,,,,,kg,,,,,,,,,
blue-silk-tuxedo,,,,,,,,,Violet,,Small,,,"",0.0,,0,deny,manual,70,,true,true,"",https://cdn.shopify.com/s/files/1/0874/8928/2359/files/CMM6593_copy.jpg?v=1714211051,4,"",,,,,,,,,,,,,,,,kg,,,,,,,,,
blue-silk-tuxedo,,,,,,,,,Violet,,Medium,,,"",0.0,,0,deny,manual,70,,true,true,"",,,,,,,,,,,,,,,,,,,kg,,,,,,,,,
blue-silk-tuxedo,,,,,,,,,Violet,,Large,,,"",0.0,,0,deny,manual,70,,true,true,"",,,,,,,,,,,,,,,,,,,kg,,,,,,,,,
blue-silk-tuxedo,,,,,,,,,Blue,,Small,,,"",0.0,,0,deny,manual,70,,true,true,"",,,,,,,,,,,,,,,,,,,kg,,,,,,,,,
blue-silk-tuxedo,,,,,,,,,Blue,,Medium,,,"",0.0,,0,deny,manual,70,,true,true,"",,,,,,,,,,,,,,,,,,,kg,,,,,,,,,
blue-silk-tuxedo,,,,,,,,,Blue,,Large,,,"",0.0,,0,deny,manual,70,,true,true,"",,,,,,,,,,,,,,,,,,,kg,,,,,,,,,
blue-silk-tuxedo,,,,,,,,,Green,,Small,,,"",0.0,,0,deny,manual,70,,true,true,"",,,,,,,,,,,,,,,,,,,kg,,,,,,,,,
blue-silk-tuxedo,,,,,,,,,Green,,Medium,,,"",0.0,,0,deny,manual,70,,true,true,"",,,,,,,,,,,,,,,,,,,kg,,,,,,,,,
blue-silk-tuxedo,,,,,,,,,Green,,Large,,,"",0.0,,0,deny,manual,70,,true,true,"",,,,,,,,,,,,,,,,,,,kg,,,,,,,,,
blue-silk-tuxedo,,,,,,,,,Orange,,Small,,,"",0.0,,0,deny,manual,70,,true,true,"",,,,,,,,,,,,,,,,,,,kg,,,,,,,,,
blue-silk-tuxedo,,,,,,,,,Orange,,Medium,,,"",0.0,,0,deny,manual,70,,true,true,"",,,,,,,,,,,,,,,,,,,kg,,,,,,,,,
blue-silk-tuxedo,,,,,,,,,Orange,,Large,,,"",0.0,,0,deny,manual,70,,true,true,"",,,,,,,,,,,,,,,,,,,kg,,,,,,,,,
black-leather-bag,Black Leather Bag,"<p>Womens black leather bag, with ample space. Can be worn over the shoulder, or remove straps to carry in your hand.</p>
<p>The patented eighteen-inch hardwood Arrowhead deck --- finely mortised in, makes this the strongest and most rigid canoe ever built. You cannot buy a canoe that will afford greater satisfaction.</p>
<p>The St. Louis Meramec Canoe Company was founded by Alfred Wickett in 1922. Wickett had previously worked for the Old Town Canoe Co from 1900 to 1914. Manufacturing of the classic wooden canoes in Valley Park, Missouri ceased in 1978.</p>
<ul>
<li>Regular fit, mid-weight t-shirt</li>
<li>Natural color, 100% premium combed organic cotton</li>
<li>Quality cotton grown without the use of herbicides or pesticides - GOTS certified</li>
<li>Soft touch water based printed in the USA</li>
</ul>",partners-demo,,"",women,true,Size,XS,Color,Black,,,"",0.0,,1,deny,manual,30,,true,true,"",https://cdn.shopify.com/s/files/1/0874/8928/2359/files/c222.png?v=1714210685,1,"",false,,,,,,,,,,,,,,,kg,,,true,,,true,,,active
black-leather-bag,,,,,,,,,XS,,Red,,,"",0.0,,0,deny,manual,30,,true,true,"",https://cdn.shopify.com/s/files/1/0874/8928/2359/files/c-1.png?v=1714210685,2,"",,,,,,,,,,,,,,,,kg,,,,,,,,,
black-leather-bag,,,,,,,,,XS,,Pink,,,"",0.0,,0,deny,manual,30,,true,true,"",https://cdn.shopify.com/s/files/1/0874/8928/2359/files/c-2.png?v=1714210685,3,"",,,,,,,,,,,,,,,,kg,,,,,,,,,
black-leather-bag,,,,,,,,,XS,,Orange,,,"",0.0,,0,deny,manual,30,,true,true,"",https://cdn.shopify.com/s/files/1/0874/8928/2359/files/c.png?v=1714210685,4,"",,,,,,,,,,,,,,,,kg,,,,,,,,,
black-leather-bag,,,,,,,,,XS,,Green,,,"",0.0,,0,deny,manual,30,,true,true,"",,,,,,,,,,,,,,,,,,,kg,,,,,,,,,
black-leather-bag,,,,,,,,,S,,Black,,,"",0.0,,0,deny,manual,30,,true,true,"",,,,,,,,,,,,,,,,,,,kg,,,,,,,,,
black-leather-bag,,,,,,,,,S,,Red,,,"",0.0,,0,deny,manual,30,,true,true,"",,,,,,,,,,,,,,,,,,,kg,,,,,,,,,
black-leather-bag,,,,,,,,,S,,Pink,,,"",0.0,,0,deny,manual,30,,true,true,"",,,,,,,,,,,,,,,,,,,kg,,,,,,,,,
black-leather-bag,,,,,,,,,S,,Orange,,,"",0.0,,0,deny,manual,30,,true,true,"",,,,,,,,,,,,,,,,,,,kg,,,,,,,,,
black-leather-bag,,,,,,,,,S,,Green,,,"",0.0,,0,deny,manual,30,,true,true,"",,,,,,,,,,,,,,,,,,,kg,,,,,,,,,
black-leather-bag,,,,,,,,,M,,Black,,,"",0.0,,0,deny,manual,30,,true,true,"",,,,,,,,,,,,,,,,,,,kg,,,,,,,,,
black-leather-bag,,,,,,,,,M,,Red,,,"",0.0,,0,deny,manual,30,,true,true,"",,,,,,,,,,,,,,,,,,,kg,,,,,,,,,
black-leather-bag,,,,,,,,,M,,Pink,,,"",0.0,,0,deny,manual,30,,true,true,"",,,,,,,,,,,,,,,,,,,kg,,,,,,,,,
black-leather-bag,,,,,,,,,M,,Orange,,,"",0.0,,0,deny,manual,30,,true,true,"",,,,,,,,,,,,,,,,,,,kg,,,,,,,,,
black-leather-bag,,,,,,,,,M,,Green,,,"",0.0,,0,deny,manual,30,,true,true,"",,,,,,,,,,,,,,,,,,,kg,,,,,,,,,
black-leather-bag,,,,,,,,,L,,Black,,,"",0.0,,0,deny,manual,30,,true,true,"",,,,,,,,,,,,,,,,,,,kg,,,,,,,,,
black-leather-bag,,,,,,,,,L,,Red,,,"",0.0,,0,deny,manual,30,,true,true,"",,,,,,,,,,,,,,,,,,,kg,,,,,,,,,
black-leather-bag,,,,,,,,,L,,Pink,,,"",0.0,,0,deny,manual,30,,true,true,"",,,,,,,,,,,,,,,,,,,kg,,,,,,,,,
black-leather-bag,,,,,,,,,L,,Orange,,,"",0.0,,0,deny,manual,30,,true,true,"",,,,,,,,,,,,,,,,,,,kg,,,,,,,,,
black-leather-bag,,,,,,,,,L,,Green,,,"",0.0,,0,deny,manual,30,,true,true,"",,,,,,,,,,,,,,,,,,,kg,,,,,,,,,
black-leather-bag,,,,,,,,,XL,,Black,,,"",0.0,,0,deny,manual,30,,true,true,"",,,,,,,,,,,,,,,,,,,kg,,,,,,,,,
black-leather-bag,,,,,,,,,XL,,Red,,,"",0.0,,0,deny,manual,30,,true,true,"",,,,,,,,,,,,,,,,,,,kg,,,,,,,,,
black-leather-bag,,,,,,,,,XL,,Pink,,,"",0.0,,0,deny,manual,30,,true,true,"",,,,,,,,,,,,,,,,,,,kg,,,,,,,,,
black-leather-bag,,,,,,,,,XL,,Orange,,,"",0.0,,0,deny,manual,30,,true,true,"",,,,,,,,,,,,,,,,,,,kg,,,,,,,,,
black-leather-bag,,,,,,,,,XL,,Green,,,"",0.0,,0,deny,manual,30,,true,true,"",,,,,,,,,,,,,,,,,,,kg,,,,,,,,,
black-leather-bag,,,,,,,,,XXL,,Black,,,"",0.0,,0,deny,manual,30,,true,true,"",,,,,,,,,,,,,,,,,,,kg,,,,,,,,,
black-leather-bag,,,,,,,,,XXL,,Red,,,"",0.0,,0,deny,manual,30,,true,true,"",,,,,,,,,,,,,,,,,,,kg,,,,,,,,,
black-leather-bag,,,,,,,,,XXL,,Pink,,,"",0.0,,0,deny,manual,30,,true,true,"",,,,,,,,,,,,,,,,,,,kg,,,,,,,,,
black-leather-bag,,,,,,,,,XXL,,Orange,,,"",0.0,,0,deny,manual,30,,true,true,"",,,,,,,,,,,,,,,,,,,kg,,,,,,,,,
black-leather-bag,,,,,,,,,XXL,,Green,,,"",0.0,,0,deny,manual,30,,true,true,"",,,,,,,,,,,,,,,,,,,kg,,,,,,,,,
dark-denim-top,Dark Denim Top,"<p>Classic dark denim top with chest pockets, long sleeves with buttoned cuffs, and a ripped hem effect.</p>
<p>The patented eighteen-inch hardwood Arrowhead deck --- finely mortised in, makes this the strongest and most rigid canoe ever built. You cannot buy a canoe that will afford greater satisfaction.</p>
<p>The St. Louis Meramec Canoe Company was founded by Alfred Wickett in 1922. Wickett had previously worked for the Old Town Canoe Co from 1900 to 1914. Manufacturing of the classic wooden canoes in Valley Park, Missouri ceased in 1978.</p>
<ul>
<li>Regular fit, mid-weight t-shirt</li>
<li>Natural color, 100% premium combed organic cotton</li>
<li>Quality cotton grown without the use of herbicides or pesticides - GOTS certified</li>
<li>Soft touch water based printed in the USA</li>
</ul>",partners-demo,,"",women,true,Size,XS,Color,Green,,,"",0.0,,1,deny,manual,60,,true,true,"",https://cdn.shopify.com/s/files/1/0874/8928/2359/files/g24CMCW.MU001.3.webp?v=1714211139,1,"",false,,,,,,,,,,,,,,,kg,,,true,,,true,,,active
dark-denim-top,,,,,,,,,S,,Green,,,"",0.0,,0,deny,manual,60,,true,true,"",https://cdn.shopify.com/s/files/1/0874/8928/2359/files/image_31.png?v=1714211274,2,"",,,,,,,,,,,,,,,,kg,,,,,,,,,
dark-denim-top,,,,,,,,,M,,Green,,,"",0.0,,0,deny,manual,60,,true,true,"",https://cdn.shopify.com/s/files/1/0874/8928/2359/files/24CMCW.MU003.21z.webp?v=1714211305,3,"",,,,,,,,,,,,,,,,kg,,,,,,,,,
dark-denim-top,,,,,,,,,L,,Green,,,"",0.0,,0,deny,manual,60,,true,true,"",https://cdn.shopify.com/s/files/1/0874/8928/2359/files/24CMCW.MU003.22z_30.webp?v=1714211305,4,"",,,,,,,,,,,,,,,,kg,,,,,,,,,
dark-denim-top,,,,,,,,,XL,,Green,,,"",0.0,,0,deny,manual,60,,true,true,"",,,,,,,,,,,,,,,,,,,kg,,,,,,,,,
dark-denim-top,,,,,,,,,XS,,Pink,,,"",0.0,,0,deny,manual,60,,true,true,"",,,,,,,,,,,,,,,,,,,kg,,,,,,,,,
dark-denim-top,,,,,,,,,XS,,Red,,,"",0.0,,0,deny,manual,60,,true,true,"",,,,,,,,,,,,,,,,,,,kg,,,,,,,,,
dark-denim-top,,,,,,,,,XS,,Black,,,"",0.0,,0,deny,manual,60,,true,true,"",,,,,,,,,,,,,,,,,,,kg,,,,,,,,,
dark-denim-top,,,,,,,,,S,,Pink,,,"",0.0,,0,deny,manual,60,,true,true,"",,,,,,,,,,,,,,,,,,,kg,,,,,,,,,
dark-denim-top,,,,,,,,,S,,Red,,,"",0.0,,0,deny,manual,60,,true,true,"",,,,,,,,,,,,,,,,,,,kg,,,,,,,,,
dark-denim-top,,,,,,,,,S,,Black,,,"",0.0,,0,deny,manual,60,,true,true,"",,,,,,,,,,,,,,,,,,,kg,,,,,,,,,
dark-denim-top,,,,,,,,,M,,Pink,,,"",0.0,,0,deny,manual,60,,true,true,"",,,,,,,,,,,,,,,,,,,kg,,,,,,,,,
dark-denim-top,,,,,,,,,M,,Red,,,"",0.0,,0,deny,manual,60,,true,true,"",,,,,,,,,,,,,,,,,,,kg,,,,,,,,,
dark-denim-top,,,,,,,,,M,,Black,,,"",0.0,,0,deny,manual,60,,true,true,"",,,,,,,,,,,,,,,,,,,kg,,,,,,,,,
dark-denim-top,,,,,,,,,L,,Pink,,,"",0.0,,0,deny,manual,60,,true,true,"",,,,,,,,,,,,,,,,,,,kg,,,,,,,,,
dark-denim-top,,,,,,,,,L,,Red,,,"",0.0,,0,deny,manual,60,,true,true,"",,,,,,,,,,,,,,,,,,,kg,,,,,,,,,
dark-denim-top,,,,,,,,,L,,Black,,,"",0.0,,0,deny,manual,60,,true,true,"",,,,,,,,,,,,,,,,,,,kg,,,,,,,,,
dark-denim-top,,,,,,,,,XL,,Pink,,,"",0.0,,0,deny,manual,60,,true,true,"",,,,,,,,,,,,,,,,,,,kg,,,,,,,,,
dark-denim-top,,,,,,,,,XL,,Red,,,"",0.0,,0,deny,manual,60,,true,true,"",,,,,,,,,,,,,,,,,,,kg,,,,,,,,,
dark-denim-top,,,,,,,,,XL,,Black,,,"",0.0,,0,deny,manual,60,,true,true,"",,,,,,,,,,,,,,,,,,,kg,,,,,,,,,
classic-leather-jacket,Classic Leather Jacket,"<p>Womans zipped leather jacket. Adjustable belt for a comfortable fit, complete with shoulder pads and front zip pocket.</p>
<p>The patented eighteen-inch hardwood Arrowhead deck --- finely mortised in, makes this the strongest and most rigid canoe ever built. You cannot buy a canoe that will afford greater satisfaction.</p>
<p>The St. Louis Meramec Canoe Company was founded by Alfred Wickett in 1922. Wickett had previously worked for the Old Town Canoe Co from 1900 to 1914. Manufacturing of the classic wooden canoes in Valley Park, Missouri ceased in 1978.</p>
<ul>
<li>Regular fit, mid-weight t-shirt</li>
<li>Natural color, 100% premium combed organic cotton</li>
<li>Quality cotton grown without the use of herbicides or pesticides - GOTS certified</li>
<li>Soft touch water based printed in the USA</li>
</ul>",partners-demo,,"",women,true,Color,Red,Size,S,,,"",0.0,,1,deny,manual,80,,true,true,"",https://cdn.shopify.com/s/files/1/0874/8928/2359/files/cc22.png?v=1714211675,1,"",false,,,,,,,,,,,,,,,kg,,,true,,,true,,,active
classic-leather-jacket,,,,,,,,,Red,,M,,,"",0.0,,0,deny,manual,80,,true,true,"",https://cdn.shopify.com/s/files/1/0874/8928/2359/files/cc-1.png?v=1714211675,2,"",,,,,,,,,,,,,,,,kg,,,,,,,,,
classic-leather-jacket,,,,,,,,,Red,,L,,,"",0.0,,0,deny,manual,80,,true,true,"",https://cdn.shopify.com/s/files/1/0874/8928/2359/files/cc-2.png?v=1714211675,3,"",,,,,,,,,,,,,,,,kg,,,,,,,,,
classic-leather-jacket,,,,,,,,,Red,,XL,,,"",0.0,,0,deny,manual,80,,true,true,"",https://cdn.shopify.com/s/files/1/0874/8928/2359/files/cc.png?v=1714211675,4,"",,,,,,,,,,,,,,,,kg,,,,,,,,,
classic-leather-jacket,,,,,,,,,Red,,XXL,,,"",0.0,,0,deny,manual,80,,true,true,"",,,,,,,,,,,,,,,,,,,kg,,,,,,,,,
classic-leather-jacket,,,,,,,,,Blue,,S,,,"",0.0,,0,deny,manual,80,,true,true,"",,,,,,,,,,,,,,,,,,,kg,,,,,,,,,
classic-leather-jacket,,,,,,,,,Blue,,M,,,"",0.0,,0,deny,manual,80,,true,true,"",,,,,,,,,,,,,,,,,,,kg,,,,,,,,,
classic-leather-jacket,,,,,,,,,Blue,,L,,,"",0.0,,0,deny,manual,80,,true,true,"",,,,,,,,,,,,,,,,,,,kg,,,,,,,,,
classic-leather-jacket,,,,,,,,,Blue,,XL,,,"",0.0,,0,deny,manual,80,,true,true,"",,,,,,,,,,,,,,,,,,,kg,,,,,,,,,
classic-leather-jacket,,,,,,,,,Blue,,XXL,,,"",0.0,,0,deny,manual,80,,true,true,"",,,,,,,,,,,,,,,,,,,kg,,,,,,,,,
classic-leather-jacket,,,,,,,,,Black,,S,,,"",0.0,,0,deny,manual,80,,true,true,"",,,,,,,,,,,,,,,,,,,kg,,,,,,,,,
classic-leather-jacket,,,,,,,,,Black,,M,,,"",0.0,,0,deny,manual,80,,true,true,"",,,,,,,,,,,,,,,,,,,kg,,,,,,,,,
classic-leather-jacket,,,,,,,,,Black,,L,,,"",0.0,,0,deny,manual,80,,true,true,"",,,,,,,,,,,,,,,,,,,kg,,,,,,,,,
classic-leather-jacket,,,,,,,,,Black,,XL,,,"",0.0,,0,deny,manual,80,,true,true,"",,,,,,,,,,,,,,,,,,,kg,,,,,,,,,
classic-leather-jacket,,,,,,,,,Black,,XXL,,,"",0.0,,0,deny,manual,80,,true,true,"",,,,,,,,,,,,,,,,,,,kg,,,,,,,,,
classic-leather-jacket,,,,,,,,,Orange,,S,,,"",0.0,,0,deny,manual,80,,true,true,"",,,,,,,,,,,,,,,,,,,kg,,,,,,,,,
classic-leather-jacket,,,,,,,,,Orange,,M,,,"",0.0,,0,deny,manual,80,,true,true,"",,,,,,,,,,,,,,,,,,,kg,,,,,,,,,
classic-leather-jacket,,,,,,,,,Orange,,L,,,"",0.0,,0,deny,manual,80,,true,true,"",,,,,,,,,,,,,,,,,,,kg,,,,,,,,,
classic-leather-jacket,,,,,,,,,Orange,,XL,,,"",0.0,,0,deny,manual,80,,true,true,"",,,,,,,,,,,,,,,,,,,kg,,,,,,,,,
classic-leather-jacket,,,,,,,,,Orange,,XXL,,,"",0.0,,0,deny,manual,80,,true,true,"",,,,,,,,,,,,,,,,,,,kg,,,,,,,,,
classic-varsity-top,Classic Varsity Top,"<p>Womens casual varsity top, This grey and black buttoned top is a sport-inspired piece complete with an embroidered letter.</p>
<p>The patented eighteen-inch hardwood Arrowhead deck --- finely mortised in, makes this the strongest and most rigid canoe ever built. You cannot buy a canoe that will afford greater satisfaction.</p>
<p>The St. Louis Meramec Canoe Company was founded by Alfred Wickett in 1922. Wickett had previously worked for the Old Town Canoe Co from 1900 to 1914. Manufacturing of the classic wooden canoes in Valley Park, Missouri ceased in 1978.</p>
<ul>
<li>Regular fit, mid-weight t-shirt</li>
<li>Natural color, 100% premium combed organic cotton</li>
<li>Quality cotton grown without the use of herbicides or pesticides - GOTS certified</li>
<li>Soft touch water based printed in the USA</li>
</ul>",partners-demo,,"",women,true,Size,Small,Color,Black,,,,0.0,,1,deny,manual,60,,true,true,,https://cdn.shopify.com/s/files/1/0874/8928/2359/files/tat2.png?v=1714212322,1,"",false,,,,,,,,,,,,,,,kg,,,true,,,true,,,active
classic-varsity-top,,,,,,,,,Medium,,Black,,,,0.0,,1,deny,manual,60,,true,true,,https://cdn.shopify.com/s/files/1/0874/8928/2359/files/23CMAW.TA003.10.1.webp?v=1714212322,2,"",,,,,,,,,,,,,,,,kg,,,,,,,,,
classic-varsity-top,,,,,,,,,Large,,Black,,,,0.0,,1,deny,manual,60,,true,true,,https://cdn.shopify.com/s/files/1/0874/8928/2359/files/23CMAW.TA003.10.2.webp?v=1714212322,3,"",,,,,,,,,,,,,,,,kg,,,,,,,,,
classic-varsity-top,,,,,,,,,Small,,Red,,,"",0.0,,0,deny,manual,60,,true,true,"",https://cdn.shopify.com/s/files/1/0874/8928/2359/files/23CMAW.TA003.10.3_5.webp?v=1714212322,4,"",,,,,,,,,,,,,,,,kg,,,,,,,,,
classic-varsity-top,,,,,,,,,Small,,Green,,,"",0.0,,0,deny,manual,60,,true,true,"",,,,,,,,,,,,,,,,,,,kg,,,,,,,,,
classic-varsity-top,,,,,,,,,Small,,Blue,,,"",0.0,,0,deny,manual,60,,true,true,"",,,,,,,,,,,,,,,,,,,kg,,,,,,,,,
classic-varsity-top,,,,,,,,,Medium,,Red,,,"",0.0,,0,deny,manual,60,,true,true,"",,,,,,,,,,,,,,,,,,,kg,,,,,,,,,
classic-varsity-top,,,,,,,,,Medium,,Green,,,"",0.0,,0,deny,manual,60,,true,true,"",,,,,,,,,,,,,,,,,,,kg,,,,,,,,,
classic-varsity-top,,,,,,,,,Medium,,Blue,,,"",0.0,,0,deny,manual,60,,true,true,"",,,,,,,,,,,,,,,,,,,kg,,,,,,,,,
classic-varsity-top,,,,,,,,,Large,,Red,,,"",0.0,,0,deny,manual,60,,true,true,"",,,,,,,,,,,,,,,,,,,kg,,,,,,,,,
classic-varsity-top,,,,,,,,,Large,,Green,,,"",0.0,,0,deny,manual,60,,true,true,"",,,,,,,,,,,,,,,,,,,kg,,,,,,,,,
classic-varsity-top,,,,,,,,,Large,,Blue,,,"",0.0,,0,deny,manual,60,,true,true,"",,,,,,,,,,,,,,,,,,,kg,,,,,,,,,
the-videographer-snowboard,The Videographer Snowboard,"<p>The patented eighteen-inch hardwood Arrowhead deck --- finely mortised in, makes this the strongest and most rigid canoe ever built. You cannot buy a canoe that will afford greater satisfaction.</p>
<p>The St. Louis Meramec Canoe Company was founded by Alfred Wickett in 1922. Wickett had previously worked for the Old Town Canoe Co from 1900 to 1914. Manufacturing of the classic wooden canoes in Valley Park, Missouri ceased in 1978.</p>
<ul>
<li>Regular fit, mid-weight t-shirt</li>
<li>Natural color, 100% premium combed organic cotton</li>
<li>Quality cotton grown without the use of herbicides or pesticides - GOTS certified</li>
<li>Soft touch water based printed in the USA</li>
</ul>",Ciseco Test Data,,"","",true,Size,XS,Color,Blue,,,"",0.0,shopify,32,deny,manual,886,,true,true,"",https://cdn.shopify.com/s/files/1/0874/8928/2359/files/ciseco_p_-5_d24c1821-1a99-4836-ac94-cfa32d34f2cb.png?v=1714208726,1,"",false,,,,,,,,,,,,,,,kg,,,true,,,true,,,active
the-videographer-snowboard,,,,,,,,,S,,Blue,,,"",0.0,shopify,0,deny,manual,886,,true,true,"",https://cdn.shopify.com/s/files/1/0874/8928/2359/files/ciseco_p_-25.png?v=1714202393,2,"",,,,,,,,,,,,,,,,kg,,,,,,,,,
the-videographer-snowboard,,,,,,,,,M,,Blue,,,"",0.0,shopify,0,deny,manual,886,,true,true,"",https://cdn.shopify.com/s/files/1/0874/8928/2359/files/ciseco_p_-6.png?v=1714202394,3,"",,,,,,,,,,,,,,,,kg,,,,,,,,,
the-videographer-snowboard,,,,,,,,,L,,Blue,,,"",0.0,shopify,0,deny,manual,886,,true,true,"",https://cdn.shopify.com/s/files/1/0874/8928/2359/files/ciseco_p_-26.png?v=1714202394,4,"",,,,,,,,,,,,,,,,kg,,,,,,,,,
the-videographer-snowboard,,,,,,,,,XL,,Blue,,,"",0.0,shopify,0,deny,manual,886,,true,true,"",,,,,,,,,,,,,,,,,,,kg,,,,,,,,,
the-videographer-snowboard,,,,,,,,,XXL,,Blue,,,"",0.0,shopify,0,deny,manual,886,,true,true,"",,,,,,,,,,,,,,,,,,,kg,,,,,,,,,
the-videographer-snowboard,,,,,,,,,XS,,Green,,,"",0.0,shopify,0,deny,manual,886,,true,true,"",,,,,,,,,,,,,,,,,,,kg,,,,,,,,,
the-videographer-snowboard,,,,,,,,,XS,,Pink,,,"",0.0,shopify,0,deny,manual,886,,true,true,"",,,,,,,,,,,,,,,,,,,kg,,,,,,,,,
the-videographer-snowboard,,,,,,,,,XS,,Black,,,"",0.0,shopify,0,deny,manual,886,,true,true,"",,,,,,,,,,,,,,,,,,,kg,,,,,,,,,
the-videographer-snowboard,,,,,,,,,XS,,Red,,,"",0.0,shopify,0,deny,manual,886,,true,true,"",,,,,,,,,,,,,,,,,,,kg,,,,,,,,,
the-videographer-snowboard,,,,,,,,,S,,Green,,,"",0.0,shopify,0,deny,manual,886,,true,true,"",,,,,,,,,,,,,,,,,,,kg,,,,,,,,,
the-videographer-snowboard,,,,,,,,,S,,Pink,,,"",0.0,shopify,0,deny,manual,886,,true,true,"",,,,,,,,,,,,,,,,,,,kg,,,,,,,,,
the-videographer-snowboard,,,,,,,,,S,,Black,,,"",0.0,shopify,0,deny,manual,886,,true,true,"",,,,,,,,,,,,,,,,,,,kg,,,,,,,,,
the-videographer-snowboard,,,,,,,,,S,,Red,,,"",0.0,shopify,0,deny,manual,886,,true,true,"",,,,,,,,,,,,,,,,,,,kg,,,,,,,,,
the-videographer-snowboard,,,,,,,,,M,,Green,,,"",0.0,shopify,0,deny,manual,886,,true,true,"",,,,,,,,,,,,,,,,,,,kg,,,,,,,,,
the-videographer-snowboard,,,,,,,,,M,,Pink,,,"",0.0,shopify,0,deny,manual,886,,true,true,"",,,,,,,,,,,,,,,,,,,kg,,,,,,,,,
the-videographer-snowboard,,,,,,,,,M,,Black,,,"",0.0,shopify,0,deny,manual,886,,true,true,"",,,,,,,,,,,,,,,,,,,kg,,,,,,,,,
the-videographer-snowboard,,,,,,,,,M,,Red,,,"",0.0,shopify,0,deny,manual,886,,true,true,"",,,,,,,,,,,,,,,,,,,kg,,,,,,,,,
the-videographer-snowboard,,,,,,,,,L,,Green,,,"",0.0,shopify,0,deny,manual,886,,true,true,"",,,,,,,,,,,,,,,,,,,kg,,,,,,,,,
the-videographer-snowboard,,,,,,,,,L,,Pink,,,"",0.0,shopify,0,deny,manual,886,,true,true,"",,,,,,,,,,,,,,,,,,,kg,,,,,,,,,
the-videographer-snowboard,,,,,,,,,L,,Black,,,"",0.0,shopify,0,deny,manual,886,,true,true,"",,,,,,,,,,,,,,,,,,,kg,,,,,,,,,
the-videographer-snowboard,,,,,,,,,L,,Red,,,"",0.0,shopify,0,deny,manual,886,,true,true,"",,,,,,,,,,,,,,,,,,,kg,,,,,,,,,
the-videographer-snowboard,,,,,,,,,XL,,Green,,,"",0.0,shopify,0,deny,manual,886,,true,true,"",,,,,,,,,,,,,,,,,,,kg,,,,,,,,,
the-videographer-snowboard,,,,,,,,,XL,,Pink,,,"",0.0,shopify,0,deny,manual,886,,true,true,"",,,,,,,,,,,,,,,,,,,kg,,,,,,,,,
the-videographer-snowboard,,,,,,,,,XL,,Black,,,"",0.0,shopify,0,deny,manual,886,,true,true,"",,,,,,,,,,,,,,,,,,,kg,,,,,,,,,
the-videographer-snowboard,,,,,,,,,XL,,Red,,,"",0.0,shopify,0,deny,manual,886,,true,true,"",,,,,,,,,,,,,,,,,,,kg,,,,,,,,,
the-videographer-snowboard,,,,,,,,,XXL,,Green,,,"",0.0,shopify,0,deny,manual,886,,true,true,"",,,,,,,,,,,,,,,,,,,kg,,,,,,,,,
the-videographer-snowboard,,,,,,,,,XXL,,Pink,,,"",0.0,shopify,0,deny,manual,886,,true,true,"",,,,,,,,,,,,,,,,,,,kg,,,,,,,,,
the-videographer-snowboard,,,,,,,,,XXL,,Black,,,"",0.0,shopify,0,deny,manual,886,,true,true,"",,,,,,,,,,,,,,,,,,,kg,,,,,,,,,
the-videographer-snowboard,,,,,,,,,XXL,,Red,,,"",0.0,shopify,0,deny,manual,886,,true,true,"",,,,,,,,,,,,,,,,,,,kg,,,,,,,,,
the-minimal-snowboard,The Minimal Snowboard,"<p>The patented eighteen-inch hardwood Arrowhead deck --- finely mortised in, makes this the strongest and most rigid canoe ever built. You cannot buy a canoe that will afford greater satisfaction.</p>
<p>The St. Louis Meramec Canoe Company was founded by Alfred Wickett in 1922. Wickett had previously worked for the Old Town Canoe Co from 1900 to 1914. Manufacturing of the classic wooden canoes in Valley Park, Missouri ceased in 1978.</p>
<ul>
<li>Regular fit, mid-weight t-shirt</li>
<li>Natural color, 100% premium combed organic cotton</li>
<li>Quality cotton grown without the use of herbicides or pesticides - GOTS certified</li>
<li>Soft touch water based printed in the USA</li>
</ul>",Ciseco Test Data,,"","",false,Color,Black,Size,1 item,,,"",0.0,shopify,23,deny,manual,886,,true,true,"",https://cdn.shopify.com/s/files/1/0874/8928/2359/files/ciseco_p_-11_8cda19e4-51d7-429b-818f-69231ea00971.png?v=1714208732,1,"",false,,,,,,,,,,,,,,,kg,,,true,,,true,,,active
the-minimal-snowboard,,,,,,,,,Black,,2 item,,,"",0.0,shopify,0,deny,manual,886,,true,true,"",https://cdn.shopify.com/s/files/1/0874/8928/2359/files/ciseco_p.png?v=1714202397,2,"",,,,,,,,,,,,,,,,kg,,,,,,,,,
the-minimal-snowboard,,,,,,,,,Black,,3 item,,,"",0.0,shopify,0,deny,manual,886,,true,true,"",https://cdn.shopify.com/s/files/1/0874/8928/2359/files/ciseco_p_-8.png?v=1714202397,3,"",,,,,,,,,,,,,,,,kg,,,,,,,,,
the-minimal-snowboard,,,,,,,,,Red,,1 item,,,"",0.0,shopify,0,deny,manual,886,,true,true,"",https://cdn.shopify.com/s/files/1/0874/8928/2359/files/ciseco_p_-10.png?v=1714202397,4,"",,,,,,,,,,,,,,,,kg,,,,,,,,,
the-minimal-snowboard,,,,,,,,,Red,,2 item,,,"",0.0,shopify,0,deny,manual,886,,true,true,"",,,,,,,,,,,,,,,,,,,kg,,,,,,,,,
the-minimal-snowboard,,,,,,,,,Red,,3 item,,,"",0.0,shopify,0,deny,manual,886,,true,true,"",,,,,,,,,,,,,,,,,,,kg,,,,,,,,,
the-minimal-snowboard,,,,,,,,,Pink,,1 item,,,"",0.0,shopify,0,deny,manual,886,,true,true,"",,,,,,,,,,,,,,,,,,,kg,,,,,,,,,
the-minimal-snowboard,,,,,,,,,Pink,,2 item,,,"",0.0,shopify,0,deny,manual,886,,true,true,"",,,,,,,,,,,,,,,,,,,kg,,,,,,,,,
the-minimal-snowboard,,,,,,,,,Pink,,3 item,,,"",0.0,shopify,0,deny,manual,886,,true,true,"",,,,,,,,,,,,,,,,,,,kg,,,,,,,,,
the-minimal-snowboard,,,,,,,,,Green,,1 item,,,"",0.0,shopify,0,deny,manual,886,,true,true,"",,,,,,,,,,,,,,,,,,,kg,,,,,,,,,
the-minimal-snowboard,,,,,,,,,Green,,2 item,,,"",0.0,shopify,0,deny,manual,886,,true,true,"",,,,,,,,,,,,,,,,,,,kg,,,,,,,,,
the-minimal-snowboard,,,,,,,,,Green,,3 item,,,"",0.0,shopify,0,deny,manual,886,,true,true,"",,,,,,,,,,,,,,,,,,,kg,,,,,,,,,
the-complete-snowboard,The Complete Snowboard,"<p>This <b>PREMIUM</b> <i>snowboard</i> is so <b>SUPER</b><i>DUPER</i> awesome!</p>
<p>The patented eighteen-inch hardwood Arrowhead deck --- finely mortised in, makes this the strongest and most rigid canoe ever built. You cannot buy a canoe that will afford greater satisfaction.</p>
<p>The St. Louis Meramec Canoe Company was founded by Alfred Wickett in 1922. Wickett had previously worked for the Old Town Canoe Co from 1900 to 1914. Manufacturing of the classic wooden canoes in Valley Park, Missouri ceased in 1978.</p>
<ul>
<li>Regular fit, mid-weight t-shirt</li>
<li>Natural color, 100% premium combed organic cotton</li>
<li>Quality cotton grown without the use of herbicides or pesticides - GOTS certified</li>
<li>Soft touch water based printed in the USA</li>
</ul>",Snowboard Vendor,,snowboard,"Premium, Snow, Snowboard, Sport, Winter",true,Color,Red,Size,"20""",,,"",4535.9237,shopify,23,deny,manual,700,,true,true,,https://cdn.shopify.com/s/files/1/0874/8928/2359/files/ciseco_p_-13_e27e9703-fdf7-493b-8630-48033009338f.png?v=1714208738,1,"",false,Complete Snowboard,snowboard winter sport snowboarding,,,,,,,,,,,,,lb,,,true,,,true,,,active
the-complete-snowboard,,,,,,,,,Pink,,"20""",,,"",4535.9237,shopify,32,deny,manual,700,,true,true,,https://cdn.shopify.com/s/files/1/0874/8928/2359/files/ciseco_p_-35.png?v=1714202398,2,"",,,,,,,,,,,,,,,,lb,,,,,,,,,
the-complete-snowboard,,,,,,,,,Orange,,"20""",,,"",4535.9237,shopify,32,deny,manual,700,,true,true,,https://cdn.shopify.com/s/files/1/0874/8928/2359/files/ciseco_p_-27.png?v=1714202398,3,"",,,,,,,,,,,,,,,,lb,,,,,,,,,
the-complete-snowboard,,,,,,,,,Black,,"20""",,,"",4535.9237,shopify,32,deny,manual,700,,true,true,,https://cdn.shopify.com/s/files/1/0874/8928/2359/files/ciseco_p_-17.png?v=1714202399,4,"",,,,,,,,,,,,,,,,lb,,,,,,,,,
the-complete-snowboard,,,,,,,,,Green,,"20""",,,"",4535.9237,shopify,32,deny,manual,700,,true,true,,,,,,,,,,,,,,,,,,,,lb,,,,,,,,,
the-complete-snowboard,,,,,,,,,Red,,"22""",,,"",4535.9237,shopify,0,deny,manual,700,,true,true,"",,,,,,,,,,,,,,,,,,,lb,,,,,,,,,
the-complete-snowboard,,,,,,,,,Red,,"24""",,,"",4535.9237,shopify,0,deny,manual,700,,true,true,"",,,,,,,,,,,,,,,,,,,lb,,,,,,,,,
the-complete-snowboard,,,,,,,,,Red,,"26""",,,"",4535.9237,shopify,0,deny,manual,700,,true,true,"",,,,,,,,,,,,,,,,,,,lb,,,,,,,,,
the-complete-snowboard,,,,,,,,,Pink,,"22""",,,"",4535.9237,shopify,0,deny,manual,700,,true,true,"",,,,,,,,,,,,,,,,,,,lb,,,,,,,,,
the-complete-snowboard,,,,,,,,,Pink,,"24""",,,"",4535.9237,shopify,0,deny,manual,700,,true,true,"",,,,,,,,,,,,,,,,,,,lb,,,,,,,,,
the-complete-snowboard,,,,,,,,,Pink,,"26""",,,"",4535.9237,shopify,0,deny,manual,700,,true,true,"",,,,,,,,,,,,,,,,,,,lb,,,,,,,,,
the-complete-snowboard,,,,,,,,,Orange,,"22""",,,"",4535.9237,shopify,0,deny,manual,700,,true,true,"",,,,,,,,,,,,,,,,,,,lb,,,,,,,,,
the-complete-snowboard,,,,,,,,,Orange,,"24""",,,"",4535.9237,shopify,0,deny,manual,700,,true,true,"",,,,,,,,,,,,,,,,,,,lb,,,,,,,,,
the-complete-snowboard,,,,,,,,,Orange,,"26""",,,"",4535.9237,shopify,0,deny,manual,700,,true,true,"",,,,,,,,,,,,,,,,,,,lb,,,,,,,,,
the-complete-snowboard,,,,,,,,,Black,,"22""",,,"",4535.9237,shopify,0,deny,manual,700,,true,true,"",,,,,,,,,,,,,,,,,,,lb,,,,,,,,,
the-complete-snowboard,,,,,,,,,Black,,"24""",,,"",4535.9237,shopify,0,deny,manual,700,,true,true,"",,,,,,,,,,,,,,,,,,,lb,,,,,,,,,
the-complete-snowboard,,,,,,,,,Black,,"26""",,,"",4535.9237,shopify,0,deny,manual,700,,true,true,"",,,,,,,,,,,,,,,,,,,lb,,,,,,,,,
the-complete-snowboard,,,,,,,,,Green,,"22""",,,"",4535.9237,shopify,0,deny,manual,700,,true,true,"",,,,,,,,,,,,,,,,,,,lb,,,,,,,,,
the-complete-snowboard,,,,,,,,,Green,,"24""",,,"",4535.9237,shopify,0,deny,manual,700,,true,true,"",,,,,,,,,,,,,,,,,,,lb,,,,,,,,,
the-complete-snowboard,,,,,,,,,Green,,"26""",,,"",4535.9237,shopify,0,deny,manual,700,,true,true,"",,,,,,,,,,,,,,,,,,,lb,,,,,,,,,
the-collection-snowboard-hydrogen,The Snowboard: Hydrogen,"<p>With the Collection Snowboard: Hydrogen, you'll experience the ultimate ride. Crafted for snowboarding enthusiasts, this collection snowboard offers unparalleled performance and precision. Dominate the slopes with its advanced design and advanced technology.</p>
<p>The patented eighteen-inch hardwood Arrowhead deck --- finely mortised in, makes this the strongest and most rigid canoe ever built. You cannot buy a canoe that will afford greater satisfaction.</p>
<p>The St. Louis Meramec Canoe Company was founded by Alfred Wickett in 1922. Wickett had previously worked for the Old Town Canoe Co from 1900 to 1914. Manufacturing of the classic wooden canoes in Valley Park, Missouri ceased in 1978.</p>
<ul>
<li>Regular fit, mid-weight t-shirt</li>
<li>Natural color, 100% premium combed organic cotton</li>
<li>Quality cotton grown without the use of herbicides or pesticides - GOTS certified</li>
<li>Soft touch water based printed in the USA</li>
</ul>",Hydrogen Vendor,,"","Accessory, Sport, Winter",true,Size,XS,Color,Black,,,"",0.0,shopify,32,deny,manual,600,,true,true,"",https://cdn.shopify.com/s/files/1/0874/8928/2359/files/ciseco_p_-21_c50f02c9-6d50-46b8-b986-4e3f3da3d365.png?v=1714208742,1,"",false,,,,,,,,,,,,,,,kg,,,true,,,true,,,active
the-collection-snowboard-hydrogen,,,,,,,,,XS,,Red,,,"",0.0,shopify,0,deny,manual,600,,true,true,"",https://cdn.shopify.com/s/files/1/0874/8928/2359/files/ciseco_p_-28.png?v=1714202399,2,"",,,,,,,,,,,,,,,,kg,,,,,,,,,
the-collection-snowboard-hydrogen,,,,,,,,,XS,,Blue,,,"",0.0,shopify,0,deny,manual,600,,true,true,"",https://cdn.shopify.com/s/files/1/0874/8928/2359/files/ciseco_p_-32.png?v=1714202399,3,"",,,,,,,,,,,,,,,,kg,,,,,,,,,
the-collection-snowboard-hydrogen,,,,,,,,,M,,Black,,,"",0.0,shopify,0,deny,manual,600,,true,true,"",https://cdn.shopify.com/s/files/1/0874/8928/2359/files/ciseco_p_-12.png?v=1714202399,4,"",,,,,,,,,,,,,,,,kg,,,,,,,,,
the-collection-snowboard-hydrogen,,,,,,,,,M,,Red,,,"",0.0,shopify,0,deny,manual,600,,true,true,"",,,,,,,,,,,,,,,,,,,kg,,,,,,,,,
the-collection-snowboard-hydrogen,,,,,,,,,M,,Blue,,,"",0.0,shopify,0,deny,manual,600,,true,true,"",,,,,,,,,,,,,,,,,,,kg,,,,,,,,,
the-collection-snowboard-hydrogen,,,,,,,,,L,,Black,,,"",0.0,shopify,0,deny,manual,600,,true,true,"",,,,,,,,,,,,,,,,,,,kg,,,,,,,,,
the-collection-snowboard-hydrogen,,,,,,,,,L,,Red,,,"",0.0,shopify,0,deny,manual,600,,true,true,"",,,,,,,,,,,,,,,,,,,kg,,,,,,,,,
the-collection-snowboard-hydrogen,,,,,,,,,L,,Blue,,,"",0.0,shopify,0,deny,manual,600,,true,true,"",,,,,,,,,,,,,,,,,,,kg,,,,,,,,,
the-collection-snowboard-hydrogen,,,,,,,,,XL,,Black,,,"",0.0,shopify,0,deny,manual,600,,true,true,"",,,,,,,,,,,,,,,,,,,kg,,,,,,,,,
the-collection-snowboard-hydrogen,,,,,,,,,XL,,Red,,,"",0.0,shopify,0,deny,manual,600,,true,true,"",,,,,,,,,,,,,,,,,,,kg,,,,,,,,,
the-collection-snowboard-hydrogen,,,,,,,,,XL,,Blue,,,"",0.0,shopify,0,deny,manual,600,,true,true,"",,,,,,,,,,,,,,,,,,,kg,,,,,,,,,
the-collection-snowboard-hydrogen,,,,,,,,,XS,,Pink and Light,,,"",0.0,shopify,0,deny,manual,600,,true,true,"",,,,,,,,,,,,,,,,,,,kg,,,,,,,,,
the-collection-snowboard-hydrogen,,,,,,,,,M,,Pink and Light,,,"",0.0,shopify,0,deny,manual,600,,true,true,"",,,,,,,,,,,,,,,,,,,kg,,,,,,,,,
the-collection-snowboard-hydrogen,,,,,,,,,L,,Pink and Light,,,"",0.0,shopify,0,deny,manual,600,,true,true,"",,,,,,,,,,,,,,,,,,,kg,,,,,,,,,
the-collection-snowboard-hydrogen,,,,,,,,,XL,,Pink and Light,,,"",0.0,shopify,0,deny,manual,600,,true,true,"",,,,,,,,,,,,,,,,,,,kg,,,,,,,,,
the-collection-snowboard-hydrogen,,,,,,,,,XXL,,Black,,,"",0.0,shopify,0,deny,manual,600,,true,true,"",,,,,,,,,,,,,,,,,,,kg,,,,,,,,,
the-collection-snowboard-hydrogen,,,,,,,,,XXL,,Red,,,"",0.0,shopify,0,deny,manual,600,,true,true,"",,,,,,,,,,,,,,,,,,,kg,,,,,,,,,
the-collection-snowboard-hydrogen,,,,,,,,,XXL,,Blue,,,"",0.0,shopify,0,deny,manual,600,,true,true,"",,,,,,,,,,,,,,,,,,,kg,,,,,,,,,
the-collection-snowboard-hydrogen,,,,,,,,,XXL,,Pink and Light,,,"",0.0,shopify,0,deny,manual,600,,true,true,"",,,,,,,,,,,,,,,,,,,kg,,,,,,,,,
the-hidden-snowboard,The Hidden Snowboard,"<p>The patented eighteen-inch hardwood Arrowhead deck --- finely mortised in, makes this the strongest and most rigid canoe ever built. You cannot buy a canoe that will afford greater satisfaction.</p>
<p>The St. Louis Meramec Canoe Company was founded by Alfred Wickett in 1922. Wickett had previously worked for the Old Town Canoe Co from 1900 to 1914. Manufacturing of the classic wooden canoes in Valley Park, Missouri ceased in 1978.</p>
<ul>
<li>Regular fit, mid-weight t-shirt</li>
<li>Natural color, 100% premium combed organic cotton</li>
<li>Quality cotton grown without the use of herbicides or pesticides - GOTS certified</li>
<li>Soft touch water based printed in the USA</li>
</ul>",Snowboard Vendor,,"","Premium, Snow, Snowboard, Sport, Winter",false,Color,Black,Size,Small,,,"",0.0,shopify,32,deny,manual,750,,true,true,"",https://cdn.shopify.com/s/files/1/0874/8928/2359/files/ciseco_p_-9_7cc512f3-acf1-48ea-bc74-dcf69c6eaf18.png?v=1714208718,1,"",false,Hidden Snowboard,hidden snowboard winter sport snowboarding,,,,,,,,,,,,,kg,,,true,,,true,,,active
the-hidden-snowboard,,,,,,,,,Black,,Medium,,,"",0.0,shopify,0,deny,manual,750,,true,true,"",https://cdn.shopify.com/s/files/1/0874/8928/2359/files/ciseco_p_-36.png?v=1714202397,2,"",,,,,,,,,,,,,,,,kg,,,,,,,,,
the-hidden-snowboard,,,,,,,,,Black,,Large,,,"",0.0,shopify,0,deny,manual,750,,true,true,"",https://cdn.shopify.com/s/files/1/0874/8928/2359/files/ciseco_p_-1.png?v=1714202398,3,"",,,,,,,,,,,,,,,,kg,,,,,,,,,
the-hidden-snowboard,,,,,,,,,Green,,Small,,,"",0.0,shopify,0,deny,manual,750,,true,true,"",,,,,,,,,,,,,,,,,,,kg,,,,,,,,,
the-hidden-snowboard,,,,,,,,,Green,,Medium,,,"",0.0,shopify,0,deny,manual,750,,true,true,"",,,,,,,,,,,,,,,,,,,kg,,,,,,,,,
the-hidden-snowboard,,,,,,,,,Green,,Large,,,"",0.0,shopify,0,deny,manual,750,,true,true,"",,,,,,,,,,,,,,,,,,,kg,,,,,,,,,
the-hidden-snowboard,,,,,,,,,Blue,,Small,,,"",0.0,shopify,0,deny,manual,750,,true,true,"",,,,,,,,,,,,,,,,,,,kg,,,,,,,,,
the-hidden-snowboard,,,,,,,,,Blue,,Medium,,,"",0.0,shopify,0,deny,manual,750,,true,true,"",,,,,,,,,,,,,,,,,,,kg,,,,,,,,,
the-hidden-snowboard,,,,,,,,,Blue,,Large,,,"",0.0,shopify,0,deny,manual,750,,true,true,"",,,,,,,,,,,,,,,,,,,kg,,,,,,,,,
the-hidden-snowboard,,,,,,,,,Red,,Small,,,"",0.0,shopify,0,deny,manual,750,,true,true,"",,,,,,,,,,,,,,,,,,,kg,,,,,,,,,
the-hidden-snowboard,,,,,,,,,Red,,Medium,,,"",0.0,shopify,0,deny,manual,750,,true,true,"",,,,,,,,,,,,,,,,,,,kg,,,,,,,,,
the-hidden-snowboard,,,,,,,,,Red,,Large,,,"",0.0,shopify,0,deny,manual,750,,true,true,"",,,,,,,,,,,,,,,,,,,kg,,,,,,,,,
the-draft-snowboard,The Draft Snowboard,"<p>The patented eighteen-inch hardwood Arrowhead deck --- finely mortised in, makes this the strongest and most rigid canoe ever built. You cannot buy a canoe that will afford greater satisfaction.</p>
<p>The St. Louis Meramec Canoe Company was founded by Alfred Wickett in 1922. Wickett had previously worked for the Old Town Canoe Co from 1900 to 1914. Manufacturing of the classic wooden canoes in Valley Park, Missouri ceased in 1978.</p>
<ul>
<li>Regular fit, mid-weight t-shirt</li>
<li>Natural color, 100% premium combed organic cotton</li>
<li>Quality cotton grown without the use of herbicides or pesticides - GOTS certified</li>
<li>Soft touch water based printed in the USA</li>
</ul>",Snowboard Vendor,,"","",false,Color,Black,Size,Small,,,"",0.0,shopify,23,deny,manual,2630,,true,true,"",https://cdn.shopify.com/s/files/1/0874/8928/2359/files/ciseco_p_-12_b94a19c8-a425-4c09-854d-4e5480af7266.png?v=1714208737,1,"",false,,,,,,,,,,,,,,,kg,,,true,,,true,,,active
the-draft-snowboard,,,,,,,,,Black,,Medium,,,"",0.0,shopify,0,deny,manual,2630,,true,true,"",https://cdn.shopify.com/s/files/1/0874/8928/2359/files/ciseco_p_-10.png?v=1714202397,2,"",,,,,,,,,,,,,,,,kg,,,,,,,,,
the-draft-snowboard,,,,,,,,,Black,,Large,,,"",0.0,shopify,0,deny,manual,2630,,true,true,"",https://cdn.shopify.com/s/files/1/0874/8928/2359/files/ciseco_p_-36.png?v=1714202397,3,"",,,,,,,,,,,,,,,,kg,,,,,,,,,
the-draft-snowboard,,,,,,,,,Red,,Small,,,"",0.0,shopify,0,deny,manual,2630,,true,true,"",https://cdn.shopify.com/s/files/1/0874/8928/2359/files/ciseco_p_-1.png?v=1714202398,4,"",,,,,,,,,,,,,,,,kg,,,,,,,,,
the-draft-snowboard,,,,,,,,,Red,,Medium,,,"",0.0,shopify,0,deny,manual,2630,,true,true,"",,,,,,,,,,,,,,,,,,,kg,,,,,,,,,
the-draft-snowboard,,,,,,,,,Red,,Large,,,"",0.0,shopify,0,deny,manual,2630,,true,true,"",,,,,,,,,,,,,,,,,,,kg,,,,,,,,,
the-draft-snowboard,,,,,,,,,Green,,Small,,,"",0.0,shopify,0,deny,manual,2630,,true,true,"",,,,,,,,,,,,,,,,,,,kg,,,,,,,,,
the-draft-snowboard,,,,,,,,,Green,,Medium,,,"",0.0,shopify,0,deny,manual,2630,,true,true,"",,,,,,,,,,,,,,,,,,,kg,,,,,,,,,
the-draft-snowboard,,,,,,,,,Green,,Large,,,"",0.0,shopify,0,deny,manual,2630,,true,true,"",,,,,,,,,,,,,,,,,,,kg,,,,,,,,,
the-draft-snowboard,,,,,,,,,Violet,,Small,,,"",0.0,shopify,0,deny,manual,2630,,true,true,"",,,,,,,,,,,,,,,,,,,kg,,,,,,,,,
the-draft-snowboard,,,,,,,,,Violet,,Medium,,,"",0.0,shopify,0,deny,manual,2630,,true,true,"",,,,,,,,,,,,,,,,,,,kg,,,,,,,,,
the-draft-snowboard,,,,,,,,,Violet,,Large,,,"",0.0,shopify,0,deny,manual,2630,,true,true,"",,,,,,,,,,,,,,,,,,,kg,,,,,,,,,
the-archived-snowboard,The Archived Snowboard,"<p>The Archived Snowboard is designed for expert snowboarders who crave high performance and precision handling. With its innovative archive snowboard technology, this board offers unparalleled control on any terrain, making it the perfect choice for advanced riders looking to push their limits and dominate the mountain.</p>
<p>The patented eighteen-inch hardwood Arrowhead deck --- finely mortised in, makes this the strongest and most rigid canoe ever built. You cannot buy a canoe that will afford greater satisfaction.</p>
<p>The St. Louis Meramec Canoe Company was founded by Alfred Wickett in 1922. Wickett had previously worked for the Old Town Canoe Co from 1900 to 1914. Manufacturing of the classic wooden canoes in Valley Park, Missouri ceased in 1978.</p>
<ul>
<li>Regular fit, mid-weight t-shirt</li>
<li>Natural color, 100% premium combed organic cotton</li>
<li>Quality cotton grown without the use of herbicides or pesticides - GOTS certified</li>
<li>Soft touch water based printed in the USA</li>
</ul>",Snowboard Vendor,,"","Archived, Premium, Snow, Snowboard, Sport, Winter",false,Size,XS,Color,Black,,,"",0.0,shopify,22,deny,manual,630,,true,true,"",https://cdn.shopify.com/s/files/1/0874/8928/2359/files/ciseco_p_-16_577ad18e-cbe1-46fc-93ae-03ff67d0525f.png?v=1714208744,1,"",false,,,,,,,,,,,,,,,kg,,,true,,,true,,,active
the-archived-snowboard,,,,,,,,,XS,,Green,,,"",0.0,shopify,0,deny,manual,630,,true,true,"",https://cdn.shopify.com/s/files/1/0874/8928/2359/files/ciseco_p_-32.png?v=1714202399,2,"",,,,,,,,,,,,,,,,kg,,,,,,,,,
the-archived-snowboard,,,,,,,,,XS,,Blue,,,"",0.0,shopify,0,deny,manual,630,,true,true,"",https://cdn.shopify.com/s/files/1/0874/8928/2359/files/ciseco_p_-28.png?v=1714202399,3,"",,,,,,,,,,,,,,,,kg,,,,,,,,,
the-archived-snowboard,,,,,,,,,XS,,Pink and Light,,,"",0.0,shopify,0,deny,manual,630,,true,true,"",https://cdn.shopify.com/s/files/1/0874/8928/2359/files/ciseco_p_-4.png?v=1714202399,4,"",,,,,,,,,,,,,,,,kg,,,,,,,,,
the-archived-snowboard,,,,,,,,,S,,Black,,,"",0.0,shopify,0,deny,manual,630,,true,true,"",,,,,,,,,,,,,,,,,,,kg,,,,,,,,,
the-archived-snowboard,,,,,,,,,S,,Green,,,"",0.0,shopify,0,deny,manual,630,,true,true,"",,,,,,,,,,,,,,,,,,,kg,,,,,,,,,
the-archived-snowboard,,,,,,,,,S,,Blue,,,"",0.0,shopify,0,deny,manual,630,,true,true,"",,,,,,,,,,,,,,,,,,,kg,,,,,,,,,
the-archived-snowboard,,,,,,,,,S,,Pink and Light,,,"",0.0,shopify,0,deny,manual,630,,true,true,"",,,,,,,,,,,,,,,,,,,kg,,,,,,,,,
the-archived-snowboard,,,,,,,,,M,,Black,,,"",0.0,shopify,0,deny,manual,630,,true,true,"",,,,,,,,,,,,,,,,,,,kg,,,,,,,,,
the-archived-snowboard,,,,,,,,,M,,Green,,,"",0.0,shopify,0,deny,manual,630,,true,true,"",,,,,,,,,,,,,,,,,,,kg,,,,,,,,,
the-archived-snowboard,,,,,,,,,M,,Blue,,,"",0.0,shopify,0,deny,manual,630,,true,true,"",,,,,,,,,,,,,,,,,,,kg,,,,,,,,,
the-archived-snowboard,,,,,,,,,M,,Pink and Light,,,"",0.0,shopify,0,deny,manual,630,,true,true,"",,,,,,,,,,,,,,,,,,,kg,,,,,,,,,
the-archived-snowboard,,,,,,,,,L,,Black,,,"",0.0,shopify,0,deny,manual,630,,true,true,"",,,,,,,,,,,,,,,,,,,kg,,,,,,,,,
the-archived-snowboard,,,,,,,,,L,,Green,,,"",0.0,shopify,0,deny,manual,630,,true,true,"",,,,,,,,,,,,,,,,,,,kg,,,,,,,,,
the-archived-snowboard,,,,,,,,,L,,Blue,,,"",0.0,shopify,0,deny,manual,630,,true,true,"",,,,,,,,,,,,,,,,,,,kg,,,,,,,,,
the-archived-snowboard,,,,,,,,,L,,Pink and Light,,,"",0.0,shopify,0,deny,manual,630,,true,true,"",,,,,,,,,,,,,,,,,,,kg,,,,,,,,,
the-archived-snowboard,,,,,,,,,XL,,Black,,,"",0.0,shopify,0,deny,manual,630,,true,true,"",,,,,,,,,,,,,,,,,,,kg,,,,,,,,,
the-archived-snowboard,,,,,,,,,XL,,Green,,,"",0.0,shopify,0,deny,manual,630,,true,true,"",,,,,,,,,,,,,,,,,,,kg,,,,,,,,,
the-archived-snowboard,,,,,,,,,XL,,Blue,,,"",0.0,shopify,0,deny,manual,630,,true,true,"",,,,,,,,,,,,,,,,,,,kg,,,,,,,,,
the-archived-snowboard,,,,,,,,,XL,,Pink and Light,,,"",0.0,shopify,0,deny,manual,630,,true,true,"",,,,,,,,,,,,,,,,,,,kg,,,,,,,,,
the-inventory-not-tracked-snowboard,Not Tracked Snowboard,"<p>The patented eighteen-inch hardwood Arrowhead deck --- finely mortised in, makes this the strongest and most rigid canoe ever built. You cannot buy a canoe that will afford greater satisfaction.</p>
<p>The St. Louis Meramec Canoe Company was founded by Alfred Wickett in 1922. Wickett had previously worked for the Old Town Canoe Co from 1900 to 1914. Manufacturing of the classic wooden canoes in Valley Park, Missouri ceased in 1978.</p>
<ul>
<li>Regular fit, mid-weight t-shirt</li>
<li>Natural color, 100% premium combed organic cotton</li>
<li>Quality cotton grown without the use of herbicides or pesticides - GOTS certified</li>
<li>Soft touch water based printed in the USA</li>
</ul>",Ciseco Test Data,,"","Accessory, Sport, Winter",true,Color,Black,Size,XS,,,sku-untracked-1,0.0,,0,deny,manual,950,,true,true,"",https://cdn.shopify.com/s/files/1/0874/8928/2359/files/ciseco_p_-23_2bcb79c1-02c4-4bc5-aa56-f5c001aa2efa.png?v=1714208734,1,"",false,,,,,,,,,,,,,,,kg,,,true,,,true,,,active
the-inventory-not-tracked-snowboard,,,,,,,,,Black,,S,,,sku-untracked-2,0.0,,0,deny,manual,950,,true,true,"",https://cdn.shopify.com/s/files/1/0874/8928/2359/files/ciseco_p_-1.png?v=1714202398,2,"",,,,,,,,,,,,,,,,kg,,,,,,,,,
the-inventory-not-tracked-snowboard,,,,,,,,,Black,,M,,,sku-untracked-3,0.0,,0,deny,manual,950,,true,true,"",https://cdn.shopify.com/s/files/1/0874/8928/2359/files/ciseco_p_-40.png?v=1714202398,3,"",,,,,,,,,,,,,,,,kg,,,,,,,,,
the-inventory-not-tracked-snowboard,,,,,,,,,Black,,L,,,sku-untracked-4,0.0,,0,deny,manual,950,,true,true,"",https://cdn.shopify.com/s/files/1/0874/8928/2359/files/ciseco_p_-3.png?v=1714202397,4,"",,,,,,,,,,,,,,,,kg,,,,,,,,,
the-inventory-not-tracked-snowboard,,,,,,,,,Black,,XL,,,sku-untracked-5,0.0,,0,deny,manual,950,,true,true,"",,,,,,,,,,,,,,,,,,,kg,,,,,,,,,
the-inventory-not-tracked-snowboard,,,,,,,,,Red,,XS,,,sku-untracked-6,0.0,,0,deny,manual,950,,true,true,"",,,,,,,,,,,,,,,,,,,kg,,,,,,,,,
the-inventory-not-tracked-snowboard,,,,,,,,,Red,,S,,,sku-untracked-7,0.0,,0,deny,manual,950,,true,true,"",,,,,,,,,,,,,,,,,,,kg,,,,,,,,,
the-inventory-not-tracked-snowboard,,,,,,,,,Red,,M,,,sku-untracked-8,0.0,,0,deny,manual,950,,true,true,"",,,,,,,,,,,,,,,,,,,kg,,,,,,,,,
the-inventory-not-tracked-snowboard,,,,,,,,,Red,,L,,,sku-untracked-9,0.0,,0,deny,manual,950,,true,true,"",,,,,,,,,,,,,,,,,,,kg,,,,,,,,,
the-inventory-not-tracked-snowboard,,,,,,,,,Red,,XL,,,sku-untracked-10,0.0,,0,deny,manual,950,,true,true,"",,,,,,,,,,,,,,,,,,,kg,,,,,,,,,
the-inventory-not-tracked-snowboard,,,,,,,,,Green,,XS,,,sku-untracked-11,0.0,,0,deny,manual,950,,true,true,"",,,,,,,,,,,,,,,,,,,kg,,,,,,,,,
the-inventory-not-tracked-snowboard,,,,,,,,,Green,,S,,,sku-untracked-12,0.0,,0,deny,manual,950,,true,true,"",,,,,,,,,,,,,,,,,,,kg,,,,,,,,,
the-inventory-not-tracked-snowboard,,,,,,,,,Green,,M,,,sku-untracked-13,0.0,,0,deny,manual,950,,true,true,"",,,,,,,,,,,,,,,,,,,kg,,,,,,,,,
the-inventory-not-tracked-snowboard,,,,,,,,,Green,,L,,,sku-untracked-14,0.0,,0,deny,manual,950,,true,true,"",,,,,,,,,,,,,,,,,,,kg,,,,,,,,,
the-inventory-not-tracked-snowboard,,,,,,,,,Green,,XL,,,sku-untracked-15,0.0,,0,deny,manual,950,,true,true,"",,,,,,,,,,,,,,,,,,,kg,,,,,,,,,
the-inventory-not-tracked-snowboard,,,,,,,,,Blue,,XS,,,sku-untracked-16,0.0,,0,deny,manual,950,,true,true,"",,,,,,,,,,,,,,,,,,,kg,,,,,,,,,
the-inventory-not-tracked-snowboard,,,,,,,,,Blue,,S,,,sku-untracked-17,0.0,,0,deny,manual,950,,true,true,"",,,,,,,,,,,,,,,,,,,kg,,,,,,,,,
the-inventory-not-tracked-snowboard,,,,,,,,,Blue,,M,,,sku-untracked-18,0.0,,0,deny,manual,950,,true,true,"",,,,,,,,,,,,,,,,,,,kg,,,,,,,,,
the-inventory-not-tracked-snowboard,,,,,,,,,Blue,,L,,,sku-untracked-19,0.0,,0,deny,manual,950,,true,true,"",,,,,,,,,,,,,,,,,,,kg,,,,,,,,,
the-inventory-not-tracked-snowboard,,,,,,,,,Blue,,XL,,,sku-untracked-20,0.0,,0,deny,manual,950,,true,true,"",,,,,,,,,,,,,,,,,,,kg,,,,,,,,,
the-compare-at-price-snowboard,The Price Snowboard,"<p>The patented eighteen-inch hardwood Arrowhead deck --- finely mortised in, makes this the strongest and most rigid canoe ever built. You cannot buy a canoe that will afford greater satisfaction.</p>
<p>The St. Louis Meramec Canoe Company was founded by Alfred Wickett in 1922. Wickett had previously worked for the Old Town Canoe Co from 1900 to 1914. Manufacturing of the classic wooden canoes in Valley Park, Missouri ceased in 1978.</p>
<ul>
<li>Regular fit, mid-weight t-shirt</li>
<li>Natural color, 100% premium combed organic cotton</li>
<li>Quality cotton grown without the use of herbicides or pesticides - GOTS certified</li>
<li>Soft touch water based printed in the USA</li>
</ul>",Ciseco Test Data,,"","Accessory, Sport, Winter",true,Color,Black,Size,"15""",,,"",0.0,shopify,43,deny,manual,786,886,true,true,"",https://cdn.shopify.com/s/files/1/0874/8928/2359/files/ciseco_p_-37_4d9035e7-ffaa-4619-b61c-9d40d2223f51.png?v=1714208739,1,"",false,,,,,,,,,,,,,,,kg,,,true,,,true,,,active
the-compare-at-price-snowboard,,,,,,,,,Black,,"16""",,,"",0.0,shopify,0,deny,manual,786,886,true,true,"",https://cdn.shopify.com/s/files/1/0874/8928/2359/files/ciseco_p_-4.png?v=1714202399,2,"",,,,,,,,,,,,,,,,kg,,,,,,,,,
the-compare-at-price-snowboard,,,,,,,,,Black,,"17""",,,"",0.0,shopify,0,deny,manual,786,886,true,true,"",https://cdn.shopify.com/s/files/1/0874/8928/2359/files/ciseco_p_-28.png?v=1714202399,3,"",,,,,,,,,,,,,,,,kg,,,,,,,,,
the-compare-at-price-snowboard,,,,,,,,,Black,,"18""",,,"",0.0,shopify,0,deny,manual,786,886,true,true,"",https://cdn.shopify.com/s/files/1/0874/8928/2359/files/ciseco_p_-32.png?v=1714202399,4,"",,,,,,,,,,,,,,,,kg,,,,,,,,,
the-compare-at-price-snowboard,,,,,,,,,Green,,"15""",,,"",0.0,shopify,0,deny,manual,786,886,true,true,"",,,,,,,,,,,,,,,,,,,kg,,,,,,,,,
the-compare-at-price-snowboard,,,,,,,,,Green,,"16""",,,"",0.0,shopify,0,deny,manual,786,886,true,true,"",,,,,,,,,,,,,,,,,,,kg,,,,,,,,,
the-compare-at-price-snowboard,,,,,,,,,Green,,"17""",,,"",0.0,shopify,0,deny,manual,786,886,true,true,"",,,,,,,,,,,,,,,,,,,kg,,,,,,,,,
the-compare-at-price-snowboard,,,,,,,,,Green,,"18""",,,"",0.0,shopify,0,deny,manual,786,886,true,true,"",,,,,,,,,,,,,,,,,,,kg,,,,,,,,,
the-compare-at-price-snowboard,,,,,,,,,Blue,,"15""",,,"",0.0,shopify,0,deny,manual,786,886,true,true,"",,,,,,,,,,,,,,,,,,,kg,,,,,,,,,
the-compare-at-price-snowboard,,,,,,,,,Blue,,"16""",,,"",0.0,shopify,0,deny,manual,786,886,true,true,"",,,,,,,,,,,,,,,,,,,kg,,,,,,,,,
the-compare-at-price-snowboard,,,,,,,,,Blue,,"17""",,,"",0.0,shopify,0,deny,manual,786,886,true,true,"",,,,,,,,,,,,,,,,,,,kg,,,,,,,,,
the-compare-at-price-snowboard,,,,,,,,,Blue,,"18""",,,"",0.0,shopify,0,deny,manual,786,886,true,true,"",,,,,,,,,,,,,,,,,,,kg,,,,,,,,,
the-compare-at-price-snowboard,,,,,,,,,Pink,,"15""",,,"",0.0,shopify,0,deny,manual,786,886,true,true,"",,,,,,,,,,,,,,,,,,,kg,,,,,,,,,
the-compare-at-price-snowboard,,,,,,,,,Pink,,"16""",,,"",0.0,shopify,0,deny,manual,786,886,true,true,"",,,,,,,,,,,,,,,,,,,kg,,,,,,,,,
the-compare-at-price-snowboard,,,,,,,,,Pink,,"17""",,,"",0.0,shopify,0,deny,manual,786,886,true,true,"",,,,,,,,,,,,,,,,,,,kg,,,,,,,,,
the-compare-at-price-snowboard,,,,,,,,,Pink,,"18""",,,"",0.0,shopify,0,deny,manual,786,886,true,true,"",,,,,,,,,,,,,,,,,,,kg,,,,,,,,,
the-out-of-stock-snowboard,Out of Stock Snowboard,"<p>The patented eighteen-inch hardwood Arrowhead deck --- finely mortised in, makes this the strongest and most rigid canoe ever built. You cannot buy a canoe that will afford greater satisfaction.</p>
<p>The St. Louis Meramec Canoe Company was founded by Alfred Wickett in 1922. Wickett had previously worked for the Old Town Canoe Co from 1900 to 1914. Manufacturing of the classic wooden canoes in Valley Park, Missouri ceased in 1978.</p>
<ul>
<li>Regular fit, mid-weight t-shirt</li>
<li>Natural color, 100% premium combed organic cotton</li>
<li>Quality cotton grown without the use of herbicides or pesticides - GOTS certified</li>
<li>Soft touch water based printed in the USA</li>
</ul>",Ciseco Test Data,,"","Accessory, Sport, Winter",true,Color,Pink,Size,S,,,"",0.0,shopify,32,deny,manual,886,,true,true,"",https://cdn.shopify.com/s/files/1/0874/8928/2359/files/ciseco_p_-25_c0f90249-7831-4d00-9356-4eded7f2628d.png?v=1714208725,1,"",false,,,,,,,,,,,,,,,kg,,,true,,,true,,,active
the-out-of-stock-snowboard,,,,,,,,,Pink,,M,,,"",0.0,shopify,0,deny,manual,886,,true,true,"",https://cdn.shopify.com/s/files/1/0874/8928/2359/files/ciseco_p_-16.png?v=1714202394,2,"",,,,,,,,,,,,,,,,kg,,,,,,,,,
the-out-of-stock-snowboard,,,,,,,,,Pink,,L,,,"",0.0,shopify,0,deny,manual,886,,true,true,"",https://cdn.shopify.com/s/files/1/0874/8928/2359/files/ciseco_p_-26.png?v=1714202394,3,"",,,,,,,,,,,,,,,,kg,,,,,,,,,
the-out-of-stock-snowboard,,,,,,,,,Pink,,XL,,,"",0.0,shopify,0,deny,manual,886,,true,true,"",https://cdn.shopify.com/s/files/1/0874/8928/2359/files/ciseco_p_-6.png?v=1714202394,4,"",,,,,,,,,,,,,,,,kg,,,,,,,,,
the-out-of-stock-snowboard,,,,,,,,,Pink,,XXL,,,"",0.0,shopify,0,deny,manual,886,,true,true,"",,,,,,,,,,,,,,,,,,,kg,,,,,,,,,
the-out-of-stock-snowboard,,,,,,,,,Red,,S,,,"",0.0,shopify,0,deny,manual,886,,true,true,"",,,,,,,,,,,,,,,,,,,kg,,,,,,,,,
the-out-of-stock-snowboard,,,,,,,,,Red,,M,,,"",0.0,shopify,0,deny,manual,886,,true,true,"",,,,,,,,,,,,,,,,,,,kg,,,,,,,,,
the-out-of-stock-snowboard,,,,,,,,,Red,,L,,,"",0.0,shopify,0,deny,manual,886,,true,true,"",,,,,,,,,,,,,,,,,,,kg,,,,,,,,,
the-out-of-stock-snowboard,,,,,,,,,Red,,XL,,,"",0.0,shopify,0,deny,manual,886,,true,true,"",,,,,,,,,,,,,,,,,,,kg,,,,,,,,,
the-out-of-stock-snowboard,,,,,,,,,Red,,XXL,,,"",0.0,shopify,0,deny,manual,886,,true,true,"",,,,,,,,,,,,,,,,,,,kg,,,,,,,,,
the-out-of-stock-snowboard,,,,,,,,,Blue,,S,,,"",0.0,shopify,0,deny,manual,886,,true,true,"",,,,,,,,,,,,,,,,,,,kg,,,,,,,,,
the-out-of-stock-snowboard,,,,,,,,,Blue,,M,,,"",0.0,shopify,0,deny,manual,886,,true,true,"",,,,,,,,,,,,,,,,,,,kg,,,,,,,,,
the-out-of-stock-snowboard,,,,,,,,,Blue,,L,,,"",0.0,shopify,0,deny,manual,886,,true,true,"",,,,,,,,,,,,,,,,,,,kg,,,,,,,,,
the-out-of-stock-snowboard,,,,,,,,,Blue,,XL,,,"",0.0,shopify,0,deny,manual,886,,true,true,"",,,,,,,,,,,,,,,,,,,kg,,,,,,,,,
the-out-of-stock-snowboard,,,,,,,,,Blue,,XXL,,,"",0.0,shopify,0,deny,manual,886,,true,true,"",,,,,,,,,,,,,,,,,,,kg,,,,,,,,,
the-out-of-stock-snowboard,,,,,,,,,Green,,S,,,"",0.0,shopify,0,deny,manual,886,,true,true,"",,,,,,,,,,,,,,,,,,,kg,,,,,,,,,
the-out-of-stock-snowboard,,,,,,,,,Green,,M,,,"",0.0,shopify,0,deny,manual,886,,true,true,"",,,,,,,,,,,,,,,,,,,kg,,,,,,,,,
the-out-of-stock-snowboard,,,,,,,,,Green,,L,,,"",0.0,shopify,0,deny,manual,886,,true,true,"",,,,,,,,,,,,,,,,,,,kg,,,,,,,,,
the-out-of-stock-snowboard,,,,,,,,,Green,,XL,,,"",0.0,shopify,0,deny,manual,886,,true,true,"",,,,,,,,,,,,,,,,,,,kg,,,,,,,,,
the-out-of-stock-snowboard,,,,,,,,,Green,,XXL,,,"",0.0,shopify,0,deny,manual,886,,true,true,"",,,,,,,,,,,,,,,,,,,kg,,,,,,,,,
the-multi-location-snowboard,The Multi-location Snowboard,"<p>The patented eighteen-inch hardwood Arrowhead deck --- finely mortised in, makes this the strongest and most rigid canoe ever built. You cannot buy a canoe that will afford greater satisfaction.</p>
<p>The St. Louis Meramec Canoe Company was founded by Alfred Wickett in 1922. Wickett had previously worked for the Old Town Canoe Co from 1900 to 1914. Manufacturing of the classic wooden canoes in Valley Park, Missouri ceased in 1978.</p>
<ul>
<li>Regular fit, mid-weight t-shirt</li>
<li>Natural color, 100% premium combed organic cotton</li>
<li>Quality cotton grown without the use of herbicides or pesticides - GOTS certified</li>
<li>Soft touch water based printed in the USA</li>
</ul>",Ciseco Test Data,,"","Premium, Snow, Snowboard, Sport, Winter",true,Color,Green,Size,S,,,"",0.0,shopify,32,deny,manual,730,,true,true,"",https://cdn.shopify.com/s/files/1/0874/8928/2359/files/ciseco_p_-1_20c09c88-df08-409e-b02d-2b872630516e.png?v=1714208730,1,"",false,,,,,,,,,,,,,,,kg,,,true,,,true,,,active
the-multi-location-snowboard,,,,,,,,,Green,,M,,,"",0.0,shopify,0,deny,manual,730,,true,true,"",https://cdn.shopify.com/s/files/1/0874/8928/2359/files/ciseco_p_-11.png?v=1714202391,2,"",,,,,,,,,,,,,,,,kg,,,,,,,,,
the-multi-location-snowboard,,,,,,,,,Green,,L,,,"",0.0,shopify,0,deny,manual,730,,true,true,"",https://cdn.shopify.com/s/files/1/0874/8928/2359/files/ciseco_p_-25.png?v=1714202393,3,"",,,,,,,,,,,,,,,,kg,,,,,,,,,
the-multi-location-snowboard,,,,,,,,,Green,,XL,,,"",0.0,shopify,0,deny,manual,730,,true,true,"",https://cdn.shopify.com/s/files/1/0874/8928/2359/files/ciseco_p_-6.png?v=1714202394,4,"",,,,,,,,,,,,,,,,kg,,,,,,,,,
the-multi-location-snowboard,,,,,,,,,Green,,XXL,,,"",0.0,shopify,0,deny,manual,730,,true,true,"",,,,,,,,,,,,,,,,,,,kg,,,,,,,,,
the-multi-location-snowboard,,,,,,,,,Pink,,S,,,"",0.0,shopify,0,deny,manual,730,,true,true,"",,,,,,,,,,,,,,,,,,,kg,,,,,,,,,
the-multi-location-snowboard,,,,,,,,,Pink,,M,,,"",0.0,shopify,0,deny,manual,730,,true,true,"",,,,,,,,,,,,,,,,,,,kg,,,,,,,,,
the-multi-location-snowboard,,,,,,,,,Pink,,L,,,"",0.0,shopify,0,deny,manual,730,,true,true,"",,,,,,,,,,,,,,,,,,,kg,,,,,,,,,
the-multi-location-snowboard,,,,,,,,,Pink,,XL,,,"",0.0,shopify,0,deny,manual,730,,true,true,"",,,,,,,,,,,,,,,,,,,kg,,,,,,,,,
the-multi-location-snowboard,,,,,,,,,Pink,,XXL,,,"",0.0,shopify,0,deny,manual,730,,true,true,"",,,,,,,,,,,,,,,,,,,kg,,,,,,,,,
the-multi-location-snowboard,,,,,,,,,Red,,S,,,"",0.0,shopify,0,deny,manual,730,,true,true,"",,,,,,,,,,,,,,,,,,,kg,,,,,,,,,
the-multi-location-snowboard,,,,,,,,,Red,,M,,,"",0.0,shopify,0,deny,manual,730,,true,true,"",,,,,,,,,,,,,,,,,,,kg,,,,,,,,,
the-multi-location-snowboard,,,,,,,,,Red,,L,,,"",0.0,shopify,0,deny,manual,730,,true,true,"",,,,,,,,,,,,,,,,,,,kg,,,,,,,,,
the-multi-location-snowboard,,,,,,,,,Red,,XL,,,"",0.0,shopify,0,deny,manual,730,,true,true,"",,,,,,,,,,,,,,,,,,,kg,,,,,,,,,
the-multi-location-snowboard,,,,,,,,,Red,,XXL,,,"",0.0,shopify,0,deny,manual,730,,true,true,"",,,,,,,,,,,,,,,,,,,kg,,,,,,,,,
the-multi-location-snowboard,,,,,,,,,Black,,S,,,"",0.0,shopify,0,deny,manual,730,,true,true,"",,,,,,,,,,,,,,,,,,,kg,,,,,,,,,
the-multi-location-snowboard,,,,,,,,,Black,,M,,,"",0.0,shopify,0,deny,manual,730,,true,true,"",,,,,,,,,,,,,,,,,,,kg,,,,,,,,,
the-multi-location-snowboard,,,,,,,,,Black,,L,,,"",0.0,shopify,0,deny,manual,730,,true,true,"",,,,,,,,,,,,,,,,,,,kg,,,,,,,,,
the-multi-location-snowboard,,,,,,,,,Black,,XL,,,"",0.0,shopify,0,deny,manual,730,,true,true,"",,,,,,,,,,,,,,,,,,,kg,,,,,,,,,
the-multi-location-snowboard,,,,,,,,,Black,,XXL,,,"",0.0,shopify,0,deny,manual,730,,true,true,"",,,,,,,,,,,,,,,,,,,kg,,,,,,,,,
the-multi-location-snowboard,,,,,,,,,Blue,,S,,,"",0.0,shopify,0,deny,manual,730,,true,true,"",,,,,,,,,,,,,,,,,,,kg,,,,,,,,,
the-multi-location-snowboard,,,,,,,,,Blue,,M,,,"",0.0,shopify,0,deny,manual,730,,true,true,"",,,,,,,,,,,,,,,,,,,kg,,,,,,,,,
the-multi-location-snowboard,,,,,,,,,Blue,,L,,,"",0.0,shopify,0,deny,manual,730,,true,true,"",,,,,,,,,,,,,,,,,,,kg,,,,,,,,,
the-multi-location-snowboard,,,,,,,,,Blue,,XL,,,"",0.0,shopify,0,deny,manual,730,,true,true,"",,,,,,,,,,,,,,,,,,,kg,,,,,,,,,
the-multi-location-snowboard,,,,,,,,,Blue,,XXL,,,"",0.0,shopify,0,deny,manual,730,,true,true,"",,,,,,,,,,,,,,,,,,,kg,,,,,,,,,
the-multi-managed-snowboard,The Multi-managed Snowboard,"<p>The patented eighteen-inch hardwood Arrowhead deck --- finely mortised in, makes this the strongest and most rigid canoe ever built. You cannot buy a canoe that will afford greater satisfaction.</p>
<p>The St. Louis Meramec Canoe Company was founded by Alfred Wickett in 1922. Wickett had previously worked for the Old Town Canoe Co from 1900 to 1914. Manufacturing of the classic wooden canoes in Valley Park, Missouri ceased in 1978.</p>
<ul>
<li>Regular fit, mid-weight t-shirt</li>
<li>Natural color, 100% premium combed organic cotton</li>
<li>Quality cotton grown without the use of herbicides or pesticides - GOTS certified</li>
<li>Soft touch water based printed in the USA</li>
</ul>",Multi-managed Vendor,,"","Premium, Snow, Snowboard, Sport, Winter",true,Color,Black,Size,S,,,sku-managed-1,0.0,shopify,32,deny,manual,630,,true,true,"",https://cdn.shopify.com/s/files/1/0874/8928/2359/files/ciseco_p_-8_c91d096f-3307-4310-9000-8004b9f90d8f.png?v=1714213217,1,"",false,,,,,,,,,,,,,,,kg,,,true,,,true,,,active
the-multi-managed-snowboard,,,,,,,,,Black,,M,,,sku-managed-2,0.0,shopify,0,deny,manual,630,,true,true,"",https://cdn.shopify.com/s/files/1/0874/8928/2359/files/ciseco_p_-41.png?v=1714202389,2,"",,,,,,,,,,,,,,,,kg,,,,,,,,,
the-multi-managed-snowboard,,,,,,,,,Black,,L,,,sku-managed-3,0.0,shopify,0,deny,manual,630,,true,true,"",https://cdn.shopify.com/s/files/1/0874/8928/2359/files/ciseco_p_-20.png?v=1714202389,3,"",,,,,,,,,,,,,,,,kg,,,,,,,,,
the-multi-managed-snowboard,,,,,,,,,Black,,XL,,,sku-managed-4,0.0,shopify,0,deny,manual,630,,true,true,"",,,,,,,,,,,,,,,,,,,kg,,,,,,,,,
the-multi-managed-snowboard,,,,,,,,,Black,,XXL,,,sku-managed-5,0.0,shopify,0,deny,manual,630,,true,true,"",,,,,,,,,,,,,,,,,,,kg,,,,,,,,,
the-multi-managed-snowboard,,,,,,,,,Blue,,S,,,sku-managed-6,0.0,shopify,0,deny,manual,630,,true,true,"",,,,,,,,,,,,,,,,,,,kg,,,,,,,,,
the-multi-managed-snowboard,,,,,,,,,Blue,,M,,,sku-managed-7,0.0,shopify,0,deny,manual,630,,true,true,"",,,,,,,,,,,,,,,,,,,kg,,,,,,,,,
the-multi-managed-snowboard,,,,,,,,,Blue,,L,,,sku-managed-8,0.0,shopify,0,deny,manual,630,,true,true,"",,,,,,,,,,,,,,,,,,,kg,,,,,,,,,
the-multi-managed-snowboard,,,,,,,,,Blue,,XL,,,sku-managed-9,0.0,shopify,0,deny,manual,630,,true,true,"",,,,,,,,,,,,,,,,,,,kg,,,,,,,,,
the-multi-managed-snowboard,,,,,,,,,Blue,,XXL,,,sku-managed-10,0.0,shopify,0,deny,manual,630,,true,true,"",,,,,,,,,,,,,,,,,,,kg,,,,,,,,,
the-multi-managed-snowboard,,,,,,,,,Pink,,S,,,sku-managed-11,0.0,shopify,0,deny,manual,630,,true,true,"",,,,,,,,,,,,,,,,,,,kg,,,,,,,,,
the-multi-managed-snowboard,,,,,,,,,Pink,,M,,,sku-managed-12,0.0,shopify,0,deny,manual,630,,true,true,"",,,,,,,,,,,,,,,,,,,kg,,,,,,,,,
the-multi-managed-snowboard,,,,,,,,,Pink,,L,,,sku-managed-13,0.0,shopify,0,deny,manual,630,,true,true,"",,,,,,,,,,,,,,,,,,,kg,,,,,,,,,
the-multi-managed-snowboard,,,,,,,,,Pink,,XL,,,sku-managed-14,0.0,shopify,0,deny,manual,630,,true,true,"",,,,,,,,,,,,,,,,,,,kg,,,,,,,,,
the-multi-managed-snowboard,,,,,,,,,Pink,,XXL,,,sku-managed-15,0.0,shopify,0,deny,manual,630,,true,true,"",,,,,,,,,,,,,,,,,,,kg,,,,,,,,,
the-multi-managed-snowboard,,,,,,,,,Red,,S,,,sku-managed-16,0.0,shopify,0,deny,manual,630,,true,true,"",,,,,,,,,,,,,,,,,,,kg,,,,,,,,,
the-multi-managed-snowboard,,,,,,,,,Red,,M,,,sku-managed-17,0.0,shopify,0,deny,manual,630,,true,true,"",,,,,,,,,,,,,,,,,,,kg,,,,,,,,,
the-multi-managed-snowboard,,,,,,,,,Red,,L,,,sku-managed-18,0.0,shopify,0,deny,manual,630,,true,true,"",,,,,,,,,,,,,,,,,,,kg,,,,,,,,,
the-multi-managed-snowboard,,,,,,,,,Red,,XL,,,sku-managed-19,0.0,shopify,0,deny,manual,630,,true,true,"",,,,,,,,,,,,,,,,,,,kg,,,,,,,,,
the-multi-managed-snowboard,,,,,,,,,Red,,XXL,,,sku-managed-20,0.0,shopify,0,deny,manual,630,,true,true,"",,,,,,,,,,,,,,,,,,,kg,,,,,,,,,
the-3p-fulfilled-snowboard,The 3p Fulfilled Snowboard,"<p>The 3p Fulfilled Snowboard offers top-of-the-line performance thanks to its unique Fulfilled technology. Experience improved stability and control as you carve through the snow, giving you the confidence to conquer any slope. Usher in a new level of snowboarding with the 3p Fulfilled Snowboard.</p>
<p>The patented eighteen-inch hardwood Arrowhead deck --- finely mortised in, makes this the strongest and most rigid canoe ever built. You cannot buy a canoe that will afford greater satisfaction.</p>
<p>The St. Louis Meramec Canoe Company was founded by Alfred Wickett in 1922. Wickett had previously worked for the Old Town Canoe Co from 1900 to 1914. Manufacturing of the classic wooden canoes in Valley Park, Missouri ceased in 1978.</p>
<ul>
<li>Regular fit, mid-weight t-shirt</li>
<li>Natural color, 100% premium combed organic cotton</li>
<li>Quality cotton grown without the use of herbicides or pesticides - GOTS certified</li>
<li>Soft touch water based printed in the USA</li>
</ul>",Ciseco Test Data,,"","Accessory, Sport, Winter",true,Size,S,Color,Green,,,sku-hosted-1,0.0,shopify,33,deny,manual,2630,,true,true,"",https://cdn.shopify.com/s/files/1/0874/8928/2359/files/ciseco_p_-2_b5892135-5224-41ec-9f01-509ddd005bdc.png?v=1714213197,1,"",false,,,,,,,,,,,,,,,kg,,,true,,,true,,,active
the-3p-fulfilled-snowboard,,,,,,,,,S,,Black,,,sku-hosted-2,0.0,shopify,0,deny,manual,2630,,true,true,"",https://cdn.shopify.com/s/files/1/0874/8928/2359/files/ciseco_p_-34.png?v=1714202399,2,"",,,,,,,,,,,,,,,,kg,,,,,,,,,
the-3p-fulfilled-snowboard,,,,,,,,,S,,Red,,,sku-hosted-3,0.0,shopify,0,deny,manual,2630,,true,true,"",https://cdn.shopify.com/s/files/1/0874/8928/2359/files/ciseco_p_-14.png?v=1714202399,3,"",,,,,,,,,,,,,,,,kg,,,,,,,,,
the-3p-fulfilled-snowboard,,,,,,,,,S,,Blue,,,sku-hosted-4,0.0,shopify,0,deny,manual,2630,,true,true,"",,,,,,,,,,,,,,,,,,,kg,,,,,,,,,
the-3p-fulfilled-snowboard,,,,,,,,,M,,Green,,,sku-hosted-5,0.0,shopify,0,deny,manual,2630,,true,true,"",,,,,,,,,,,,,,,,,,,kg,,,,,,,,,
the-3p-fulfilled-snowboard,,,,,,,,,M,,Black,,,sku-hosted-6,0.0,shopify,0,deny,manual,2630,,true,true,"",,,,,,,,,,,,,,,,,,,kg,,,,,,,,,
the-3p-fulfilled-snowboard,,,,,,,,,M,,Red,,,sku-hosted-7,0.0,shopify,0,deny,manual,2630,,true,true,"",,,,,,,,,,,,,,,,,,,kg,,,,,,,,,
the-3p-fulfilled-snowboard,,,,,,,,,M,,Blue,,,sku-hosted-8,0.0,shopify,0,deny,manual,2630,,true,true,"",,,,,,,,,,,,,,,,,,,kg,,,,,,,,,
the-3p-fulfilled-snowboard,,,,,,,,,L,,Green,,,sku-hosted-9,0.0,shopify,0,deny,manual,2630,,true,true,"",,,,,,,,,,,,,,,,,,,kg,,,,,,,,,
the-3p-fulfilled-snowboard,,,,,,,,,L,,Black,,,sku-hosted-10,0.0,shopify,0,deny,manual,2630,,true,true,"",,,,,,,,,,,,,,,,,,,kg,,,,,,,,,
the-3p-fulfilled-snowboard,,,,,,,,,L,,Red,,,sku-hosted-11,0.0,shopify,0,deny,manual,2630,,true,true,"",,,,,,,,,,,,,,,,,,,kg,,,,,,,,,
the-3p-fulfilled-snowboard,,,,,,,,,L,,Blue,,,sku-hosted-12,0.0,shopify,0,deny,manual,2630,,true,true,"",,,,,,,,,,,,,,,,,,,kg,,,,,,,,,
the-3p-fulfilled-snowboard,,,,,,,,,XL,,Green,,,sku-hosted-13,0.0,shopify,0,deny,manual,2630,,true,true,"",,,,,,,,,,,,,,,,,,,kg,,,,,,,,,
the-3p-fulfilled-snowboard,,,,,,,,,XL,,Black,,,sku-hosted-14,0.0,shopify,0,deny,manual,2630,,true,true,"",,,,,,,,,,,,,,,,,,,kg,,,,,,,,,
the-3p-fulfilled-snowboard,,,,,,,,,XL,,Red,,,sku-hosted-15,0.0,shopify,0,deny,manual,2630,,true,true,"",,,,,,,,,,,,,,,,,,,kg,,,,,,,,,
the-3p-fulfilled-snowboard,,,,,,,,,XL,,Blue,,,sku-hosted-16,0.0,shopify,0,deny,manual,2630,,true,true,"",,,,,,,,,,,,,,,,,,,kg,,,,,,,,,
the-3p-fulfilled-snowboard,,,,,,,,,XXL,,Green,,,sku-hosted-17,0.0,shopify,0,deny,manual,2630,,true,true,"",,,,,,,,,,,,,,,,,,,kg,,,,,,,,,
the-3p-fulfilled-snowboard,,,,,,,,,XXL,,Black,,,sku-hosted-18,0.0,shopify,0,deny,manual,2630,,true,true,"",,,,,,,,,,,,,,,,,,,kg,,,,,,,,,
the-3p-fulfilled-snowboard,,,,,,,,,XXL,,Red,,,sku-hosted-19,0.0,shopify,0,deny,manual,2630,,true,true,"",,,,,,,,,,,,,,,,,,,kg,,,,,,,,,
the-3p-fulfilled-snowboard,,,,,,,,,XXL,,Blue,,,sku-hosted-20,0.0,shopify,0,deny,manual,2630,,true,true,"",,,,,,,,,,,,,,,,,,,kg,,,,,,,,,
the-collection-snowboard-oxygen,The Snowboard: Oxygen,"<p>The patented eighteen-inch hardwood Arrowhead deck --- finely mortised in, makes this the strongest and most rigid canoe ever built. You cannot buy a canoe that will afford greater satisfaction.</p>
<p>The St. Louis Meramec Canoe Company was founded by Alfred Wickett in 1922. Wickett had previously worked for the Old Town Canoe Co from 1900 to 1914. Manufacturing of the classic wooden canoes in Valley Park, Missouri ceased in 1978.</p>
<ul>
<li>Regular fit, mid-weight t-shirt</li>
<li>Natural color, 100% premium combed organic cotton</li>
<li>Quality cotton grown without the use of herbicides or pesticides - GOTS certified</li>
<li>Soft touch water based printed in the USA</li>
</ul>",Hydrogen Vendor,,"","Accessory, Sport, Winter",true,Color,Red,Size,S,,,"",0.0,shopify,32,deny,manual,1025,,true,true,"",https://cdn.shopify.com/s/files/1/0874/8928/2359/files/ciseco_p_-7_ac1953d6-ce38-4e22-b6ca-d5fdedebb7cf.png?v=1714208739,1,"",false,,,,,,,,,,,,,,,kg,,,true,,,true,,,active
the-collection-snowboard-oxygen,,,,,,,,,Red,,M,,,"",0.0,shopify,0,deny,manual,1025,,true,true,"",https://cdn.shopify.com/s/files/1/0874/8928/2359/files/ciseco_p_-17.png?v=1714202399,2,"",,,,,,,,,,,,,,,,kg,,,,,,,,,
the-collection-snowboard-oxygen,,,,,,,,,Red,,L,,,"",0.0,shopify,0,deny,manual,1025,,true,true,"",https://cdn.shopify.com/s/files/1/0874/8928/2359/files/ciseco_p_-32.png?v=1714202399,3,"",,,,,,,,,,,,,,,,kg,,,,,,,,,
the-collection-snowboard-oxygen,,,,,,,,,Red,,XL,,,"",0.0,shopify,0,deny,manual,1025,,true,true,"",https://cdn.shopify.com/s/files/1/0874/8928/2359/files/ciseco_p_-28.png?v=1714202399,4,"",,,,,,,,,,,,,,,,kg,,,,,,,,,
the-collection-snowboard-oxygen,,,,,,,,,Red,,XXL,,,"",0.0,shopify,0,deny,manual,1025,,true,true,"",,,,,,,,,,,,,,,,,,,kg,,,,,,,,,
the-collection-snowboard-oxygen,,,,,,,,,Pink and Light,,S,,,"",0.0,shopify,0,deny,manual,1025,,true,true,"",,,,,,,,,,,,,,,,,,,kg,,,,,,,,,
the-collection-snowboard-oxygen,,,,,,,,,Pink and Light,,M,,,"",0.0,shopify,0,deny,manual,1025,,true,true,"",,,,,,,,,,,,,,,,,,,kg,,,,,,,,,
the-collection-snowboard-oxygen,,,,,,,,,Pink and Light,,L,,,"",0.0,shopify,0,deny,manual,1025,,true,true,"",,,,,,,,,,,,,,,,,,,kg,,,,,,,,,
the-collection-snowboard-oxygen,,,,,,,,,Pink and Light,,XL,,,"",0.0,shopify,0,deny,manual,1025,,true,true,"",,,,,,,,,,,,,,,,,,,kg,,,,,,,,,
the-collection-snowboard-oxygen,,,,,,,,,Pink and Light,,XXL,,,"",0.0,shopify,0,deny,manual,1025,,true,true,"",,,,,,,,,,,,,,,,,,,kg,,,,,,,,,
the-collection-snowboard-oxygen,,,,,,,,,Blue,,S,,,"",0.0,shopify,0,deny,manual,1025,,true,true,"",,,,,,,,,,,,,,,,,,,kg,,,,,,,,,
the-collection-snowboard-oxygen,,,,,,,,,Blue,,M,,,"",0.0,shopify,0,deny,manual,1025,,true,true,"",,,,,,,,,,,,,,,,,,,kg,,,,,,,,,
the-collection-snowboard-oxygen,,,,,,,,,Blue,,L,,,"",0.0,shopify,0,deny,manual,1025,,true,true,"",,,,,,,,,,,,,,,,,,,kg,,,,,,,,,
the-collection-snowboard-oxygen,,,,,,,,,Blue,,XL,,,"",0.0,shopify,0,deny,manual,1025,,true,true,"",,,,,,,,,,,,,,,,,,,kg,,,,,,,,,
the-collection-snowboard-oxygen,,,,,,,,,Blue,,XXL,,,"",0.0,shopify,0,deny,manual,1025,,true,true,"",,,,,,,,,,,,,,,,,,,kg,,,,,,,,,
the-collection-snowboard-oxygen,,,,,,,,,Green,,S,,,"",0.0,shopify,0,deny,manual,1025,,true,true,"",,,,,,,,,,,,,,,,,,,kg,,,,,,,,,
the-collection-snowboard-oxygen,,,,,,,,,Green,,M,,,"",0.0,shopify,0,deny,manual,1025,,true,true,"",,,,,,,,,,,,,,,,,,,kg,,,,,,,,,
the-collection-snowboard-oxygen,,,,,,,,,Green,,L,,,"",0.0,shopify,0,deny,manual,1025,,true,true,"",,,,,,,,,,,,,,,,,,,kg,,,,,,,,,
the-collection-snowboard-oxygen,,,,,,,,,Green,,XL,,,"",0.0,shopify,0,deny,manual,1025,,true,true,"",,,,,,,,,,,,,,,,,,,kg,,,,,,,,,
the-collection-snowboard-oxygen,,,,,,,,,Green,,XXL,,,"",0.0,shopify,0,deny,manual,1025,,true,true,"",,,,,,,,,,,,,,,,,,,kg,,,,,,,,,
the-collection-snowboard-oxygen,,,,,,,,,Black,,S,,,"",0.0,shopify,0,deny,manual,1025,,true,true,"",,,,,,,,,,,,,,,,,,,kg,,,,,,,,,
the-collection-snowboard-oxygen,,,,,,,,,Black,,M,,,"",0.0,shopify,0,deny,manual,1025,,true,true,"",,,,,,,,,,,,,,,,,,,kg,,,,,,,,,
the-collection-snowboard-oxygen,,,,,,,,,Black,,L,,,"",0.0,shopify,0,deny,manual,1025,,true,true,"",,,,,,,,,,,,,,,,,,,kg,,,,,,,,,
the-collection-snowboard-oxygen,,,,,,,,,Black,,XL,,,"",0.0,shopify,0,deny,manual,1025,,true,true,"",,,,,,,,,,,,,,,,,,,kg,,,,,,,,,
the-collection-snowboard-oxygen,,,,,,,,,Black,,XXL,,,"",0.0,shopify,0,deny,manual,1025,,true,true,"",,,,,,,,,,,,,,,,,,,kg,,,,,,,,,
the-collection-snowboard-liquid,The Snowboard: Liquid,"<p>Experience the ultimate level of control and precision on the slopes with The Collection Snowboard: Liquid. The advanced snowboard liquid technology enhances your carving and gliding abilities, allowing you to effortlessly maneuver through any terrain. Dominate the mountain and take your snowboarding skills to the next level.</p>
<p>The patented eighteen-inch hardwood Arrowhead deck --- finely mortised in, makes this the strongest and most rigid canoe ever built. You cannot buy a canoe that will afford greater satisfaction.</p>
<p>The St. Louis Meramec Canoe Company was founded by Alfred Wickett in 1922. Wickett had previously worked for the Old Town Canoe Co from 1900 to 1914. Manufacturing of the classic wooden canoes in Valley Park, Missouri ceased in 1978.</p>
<ul>
<li>Regular fit, mid-weight t-shirt</li>
<li>Natural color, 100% premium combed organic cotton</li>
<li>Quality cotton grown without the use of herbicides or pesticides - GOTS certified</li>
<li>Soft touch water based printed in the USA</li>
</ul>",Hydrogen Vendor,,"","Accessory, Sport, Winter",true,Color,Red,Size,Small,,,"",0.0,shopify,23,deny,manual,750,,true,true,"",https://cdn.shopify.com/s/files/1/0874/8928/2359/files/ciseco_p_-2_56f64253-fb14-4727-97c0-6873a04b72d0.png?v=1714208742,1,"",false,,,,,,,,,,,,,,,kg,,,true,,,true,,,active
the-collection-snowboard-liquid,,,,,,,,,Red,,Medium,,,"",0.0,shopify,0,deny,manual,750,,true,true,"",https://cdn.shopify.com/s/files/1/0874/8928/2359/files/ciseco_p_-18.png?v=1714202399,2,"",,,,,,,,,,,,,,,,kg,,,,,,,,,
the-collection-snowboard-liquid,,,,,,,,,Red,,Large,,,"",0.0,shopify,0,deny,manual,750,,true,true,"",https://cdn.shopify.com/s/files/1/0874/8928/2359/files/ciseco_p_-4.png?v=1714202399,3,"",,,,,,,,,,,,,,,,kg,,,,,,,,,
the-collection-snowboard-liquid,,,,,,,,,Blue,,Small,,,"",0.0,shopify,0,deny,manual,750,,true,true,"",https://cdn.shopify.com/s/files/1/0874/8928/2359/files/ciseco_p_-28.png?v=1714202399,4,"",,,,,,,,,,,,,,,,kg,,,,,,,,,
the-collection-snowboard-liquid,,,,,,,,,Blue,,Medium,,,"",0.0,shopify,0,deny,manual,750,,true,true,"",,,,,,,,,,,,,,,,,,,kg,,,,,,,,,
the-collection-snowboard-liquid,,,,,,,,,Blue,,Large,,,"",0.0,shopify,0,deny,manual,750,,true,true,"",,,,,,,,,,,,,,,,,,,kg,,,,,,,,,
the-collection-snowboard-liquid,,,,,,,,,Black,,Small,,,"",0.0,shopify,0,deny,manual,750,,true,true,"",,,,,,,,,,,,,,,,,,,kg,,,,,,,,,
the-collection-snowboard-liquid,,,,,,,,,Black,,Medium,,,"",0.0,shopify,0,deny,manual,750,,true,true,"",,,,,,,,,,,,,,,,,,,kg,,,,,,,,,
the-collection-snowboard-liquid,,,,,,,,,Black,,Large,,,"",0.0,shopify,0,deny,manual,750,,true,true,"",,,,,,,,,,,,,,,,,,,kg,,,,,,,,,
the-collection-snowboard-liquid,,,,,,,,,Orange,,Small,,,"",0.0,shopify,0,deny,manual,750,,true,true,"",,,,,,,,,,,,,,,,,,,kg,,,,,,,,,
the-collection-snowboard-liquid,,,,,,,,,Orange,,Medium,,,"",0.0,shopify,0,deny,manual,750,,true,true,"",,,,,,,,,,,,,,,,,,,kg,,,,,,,,,
the-collection-snowboard-liquid,,,,,,,,,Orange,,Large,,,"",0.0,shopify,0,deny,manual,750,,true,true,"",,,,,,,,,,,,,,,,,,,kg,,,,,,,,,
selling-plans-ski-wax,Selling Plans Ski Wax,"<p>The patented eighteen-inch hardwood Arrowhead deck --- finely mortised in, makes this the strongest and most rigid canoe ever built. You cannot buy a canoe that will afford greater satisfaction.</p>
<p>The St. Louis Meramec Canoe Company was founded by Alfred Wickett in 1922. Wickett had previously worked for the Old Town Canoe Co from 1900 to 1914. Manufacturing of the classic wooden canoes in Valley Park, Missouri ceased in 1978.</p>
<ul>
<li>Regular fit, mid-weight t-shirt</li>
<li>Natural color, 100% premium combed organic cotton</li>
<li>Quality cotton grown without the use of herbicides or pesticides - GOTS certified</li>
<li>Soft touch water based printed in the USA</li>
</ul>",Ciseco Test Data,,"","Accessory, Sport, Winter",true,Title,Selling Plans Ski Wax,,,,,"",56.69904625,shopify,21,deny,manual,25,,true,true,,https://cdn.shopify.com/s/files/1/0874/8928/2359/files/snowboard_wax.png?v=1714098396,1,A bar of golden yellow wax,false,,,,,,,,,,,,,,https://cdn.shopify.com/s/files/1/0874/8928/2359/files/snowboard_wax.png?v=1714098396,oz,,,true,,,true,,,active
selling-plans-ski-wax,,,,,,,,,Special Selling Plans Ski Wax,,,,,"",70.8738078125,shopify,23,deny,manual,50,,true,true,,https://cdn.shopify.com/s/files/1/0874/8928/2359/files/wax-special.png?v=1714098396,2,A bar of purple wax,,,,,,,,,,,,,,,https://cdn.shopify.com/s/files/1/0874/8928/2359/files/wax-special.png?v=1714098396,oz,,,,,,,,,
selling-plans-ski-wax,,,,,,,,,Sample Selling Plans Ski Wax,,,,,"",14.1747615625,shopify,44,deny,manual,10,,true,true,,https://cdn.shopify.com/s/files/1/0874/8928/2359/files/sample-normal-wax.png?v=1714098396,3,a small cube of wax,,,,,,,,,,,,,,,https://cdn.shopify.com/s/files/1/0874/8928/2359/files/sample-normal-wax.png?v=1714098396,oz,,,,,,,,,
example-hat,Example Hat,"<p>The patented eighteen-inch hardwood Arrowhead deck --- finely mortised in, makes this the strongest and most rigid canoe ever built. You cannot buy a canoe that will afford greater satisfaction.</p>
<p>The St. Louis Meramec Canoe Company was founded by Alfred Wickett in 1922. Wickett had previously worked for the Old Town Canoe Co from 1900 to 1914. Manufacturing of the classic wooden canoes in Valley Park, Missouri ceased in 1978.</p>
<ul>
<li>Regular fit, mid-weight t-shirt</li>
<li>Natural color, 100% premium combed organic cotton</li>
<li>Quality cotton grown without the use of herbicides or pesticides - GOTS certified</li>
<li>Soft touch water based printed in the USA</li>
</ul>",Acme,Apparel & Accessories > Clothing,Hat,mens hat example,false,Color,Blue,Size,XS,,,,275.0,shopify,11,deny,manual,18,23,true,true,,https://cdn.shopify.com/s/files/1/0874/8928/2359/files/ciseco_p_-1_2c5adc3b-2bdd-4f29-8066-299dbc480bdd.png?v=1714213152,1,"",false,Our awesome Hat in 70 characters or less.,A great description of your products in 320 characters or less,Apparel & Accessories > Clothing,Unisex,Adult,5P1NBQ314,used,false,,,,,,,g,,,true,,,true,,,active
example-hat,,,,,,,,,Blue,,S,,,"",275.0,shopify,0,deny,manual,18,23,true,true,"",https://cdn.shopify.com/s/files/1/0874/8928/2359/files/ciseco_p_-12.png?v=1714202399,2,"",,,,,,,,,,,,,,,,g,,,,,,,,,
example-hat,,,,,,,,,Blue,,M,,,"",275.0,shopify,0,deny,manual,18,23,true,true,"",https://cdn.shopify.com/s/files/1/0874/8928/2359/files/ciseco_p_-19.png?v=1714202399,3,"",,,,,,,,,,,,,,,,g,,,,,,,,,
example-hat,,,,,,,,,Blue,,L,,,"",275.0,shopify,0,deny,manual,18,23,true,true,"",https://cdn.shopify.com/s/files/1/0874/8928/2359/files/ciseco_p_-14.png?v=1714202399,4,"",,,,,,,,,,,,,,,,g,,,,,,,,,
example-hat,,,,,,,,,Blue,,XL,,,"",275.0,shopify,0,deny,manual,18,23,true,true,"",,,,,,,,,,,,,,,,,,,g,,,,,,,,,
example-hat,,,,,,,,,Blue,,XXL,,,"",275.0,shopify,0,deny,manual,18,23,true,true,"",,,,,,,,,,,,,,,,,,,g,,,,,,,,,
example-hat,,,,,,,,,Red,,XS,,,"",275.0,shopify,0,deny,manual,18,23,true,true,"",,,,,,,,,,,,,,,,,,,g,,,,,,,,,
example-hat,,,,,,,,,Red,,S,,,"",275.0,shopify,0,deny,manual,18,23,true,true,"",,,,,,,,,,,,,,,,,,,g,,,,,,,,,
example-hat,,,,,,,,,Red,,M,,,"",275.0,shopify,0,deny,manual,18,23,true,true,"",,,,,,,,,,,,,,,,,,,g,,,,,,,,,
example-hat,,,,,,,,,Red,,L,,,"",275.0,shopify,0,deny,manual,18,23,true,true,"",,,,,,,,,,,,,,,,,,,g,,,,,,,,,
example-hat,,,,,,,,,Red,,XL,,,"",275.0,shopify,0,deny,manual,18,23,true,true,"",,,,,,,,,,,,,,,,,,,g,,,,,,,,,
example-hat,,,,,,,,,Red,,XXL,,,"",275.0,shopify,0,deny,manual,18,23,true,true,"",,,,,,,,,,,,,,,,,,,g,,,,,,,,,
example-hat,,,,,,,,,Orange,,XS,,,"",275.0,shopify,0,deny,manual,18,23,true,true,"",,,,,,,,,,,,,,,,,,,g,,,,,,,,,
example-hat,,,,,,,,,Orange,,S,,,"",275.0,shopify,0,deny,manual,18,23,true,true,"",,,,,,,,,,,,,,,,,,,g,,,,,,,,,
example-hat,,,,,,,,,Orange,,M,,,"",275.0,shopify,0,deny,manual,18,23,true,true,"",,,,,,,,,,,,,,,,,,,g,,,,,,,,,
example-hat,,,,,,,,,Orange,,L,,,"",275.0,shopify,0,deny,manual,18,23,true,true,"",,,,,,,,,,,,,,,,,,,g,,,,,,,,,
example-hat,,,,,,,,,Orange,,XL,,,"",275.0,shopify,0,deny,manual,18,23,true,true,"",,,,,,,,,,,,,,,,,,,g,,,,,,,,,
example-hat,,,,,,,,,Orange,,XXL,,,"",275.0,shopify,0,deny,manual,18,23,true,true,"",,,,,,,,,,,,,,,,,,,g,,,,,,,,,
example-hat,,,,,,,,,Green,,XS,,,"",275.0,shopify,0,deny,manual,18,23,true,true,"",,,,,,,,,,,,,,,,,,,g,,,,,,,,,
example-hat,,,,,,,,,Green,,S,,,"",275.0,shopify,0,deny,manual,18,23,true,true,"",,,,,,,,,,,,,,,,,,,g,,,,,,,,,
example-hat,,,,,,,,,Green,,M,,,"",275.0,shopify,0,deny,manual,18,23,true,true,"",,,,,,,,,,,,,,,,,,,g,,,,,,,,,
example-hat,,,,,,,,,Green,,L,,,"",275.0,shopify,0,deny,manual,18,23,true,true,"",,,,,,,,,,,,,,,,,,,g,,,,,,,,,
example-hat,,,,,,,,,Green,,XL,,,"",275.0,shopify,0,deny,manual,18,23,true,true,"",,,,,,,,,,,,,,,,,,,g,,,,,,,,,
example-hat,,,,,,,,,Green,,XXL,,,"",275.0,shopify,0,deny,manual,18,23,true,true,"",,,,,,,,,,,,,,,,,,,g,,,,,,,,,
example-pants,Example Pants,"<p>These Example Pants are expertly crafted with high-quality materials, providing both comfort and durability. With their timeless design and superior fit, these pants are perfect for any occasion. Plus, their versatile features make them an essential addition to any wardrobe. Experience the ultimate combination of style and functionality with these Example Pants.</p>
<p>The patented eighteen-inch hardwood Arrowhead deck --- finely mortised in, makes this the strongest and most rigid canoe ever built. You cannot buy a canoe that will afford greater satisfaction.</p>
<p>The St. Louis Meramec Canoe Company was founded by Alfred Wickett in 1922. Wickett had previously worked for the Old Town Canoe Co from 1900 to 1914. Manufacturing of the classic wooden canoes in Valley Park, Missouri ceased in 1978.</p>
<ul>
<li>Regular fit, mid-weight t-shirt</li>
<li>Natural color, 100% premium combed organic cotton</li>
<li>Quality cotton grown without the use of herbicides or pesticides - GOTS certified</li>
<li>Soft touch water based printed in the USA</li>
</ul>",Acme,Apparel & Accessories > Clothing,Pants,mens pants example,false,Title,Jeans,Color,Green,,,,1250.0,shopify,11,deny,manual,50,58,true,true,,https://cdn.shopify.com/s/files/1/0874/8928/2359/files/ciseco_p_-19.png?v=1714202399,1,"",false,Our awesome Pants in 70 characters or less.,A great description of your products in 320 characters or less,Apparel & Accessories > Clothing,Unisex,Adult,7Y2ABD712,used,false,,,,,,,g,,,true,,,true,,,active
example-pants,,,,,,,,,Jeans,,Red,,,"",1250.0,shopify,0,deny,manual,50,58,true,true,"",https://cdn.shopify.com/s/files/1/0874/8928/2359/files/ciseco_p_-14.png?v=1714202399,2,"",,,,,,,,,,,,,,,,g,,,,,,,,,
example-pants,,,,,,,,,Jeans,,Pink,,,"",1250.0,shopify,0,deny,manual,50,58,true,true,"",https://cdn.shopify.com/s/files/1/0874/8928/2359/files/ciseco_p_-34.png?v=1714202399,3,"",,,,,,,,,,,,,,,,g,,,,,,,,,
example-pants,,,,,,,,,Jeans,,Blue,,,"",1250.0,shopify,0,deny,manual,50,58,true,true,"",,,,,,,,,,,,,,,,,,,g,,,,,,,,,
example-pants,,,,,,,,,W32H3,,Green,,,"",1250.0,shopify,0,deny,manual,50,58,true,true,"",,,,,,,,,,,,,,,,,,,g,,,,,,,,,
example-pants,,,,,,,,,W32H3,,Red,,,"",1250.0,shopify,0,deny,manual,50,58,true,true,"",,,,,,,,,,,,,,,,,,,g,,,,,,,,,
example-pants,,,,,,,,,W32H3,,Pink,,,"",1250.0,shopify,0,deny,manual,50,58,true,true,"",,,,,,,,,,,,,,,,,,,g,,,,,,,,,
example-pants,,,,,,,,,W32H3,,Blue,,,"",1250.0,shopify,0,deny,manual,50,58,true,true,"",,,,,,,,,,,,,,,,,,,g,,,,,,,,,
example-t-shirt,Example T-Shirt,"<p>Introducing our high-quality T-Shirt, perfect for any occasion. Made with comfortable, durable fabric, this T-Shirt will become a staple in your wardrobe. Its classic design and versatile style make it a must-have for every fashion-forward individual. Available in a variety of sizes and colors.</p>
<p>The patented eighteen-inch hardwood Arrowhead deck --- finely mortised in, makes this the strongest and most rigid canoe ever built. You cannot buy a canoe that will afford greater satisfaction.</p>
<p>The St. Louis Meramec Canoe Company was founded by Alfred Wickett in 1922. Wickett had previously worked for the Old Town Canoe Co from 1900 to 1914. Manufacturing of the classic wooden canoes in Valley Park, Missouri ceased in 1978.</p>
<ul>
<li>Regular fit, mid-weight t-shirt</li>
<li>Natural color, 100% premium combed organic cotton</li>
<li>Quality cotton grown without the use of herbicides or pesticides - GOTS certified</li>
<li>Soft touch water based printed in the USA</li>
</ul>",Acme,Apparel & Accessories > Clothing,Shirts,mens t-shirt example,true,Size,Lithograph,Color,Red,,,,3629.0,shopify,32,deny,manual,25,,true,true,,https://cdn.shopify.com/s/files/1/0874/8928/2359/files/ciseco_p_-24_ec9df7d2-f47c-4255-99ab-6c53aca02e05.png?v=1714213173,1,"",false,Our awesome T-shirt in 70 characters or less.,A great description of your products in 320 characters or less,Apparel & Accessories > Clothing,Unisex,Adult,7X8ABC910,used,false,,,,,,,g,,,true,,,true,,,active
example-t-shirt,,,,,,,,,Small,,Red,,,example-shirt-s,200.0,shopify,15,deny,manual,20,25,true,true,,https://cdn.shopify.com/s/files/1/0874/8928/2359/files/ciseco_p_-34.png?v=1714202399,2,"",,,,,,,,,,,,,,,,g,,,,,,,,,
example-t-shirt,,,,,,,,,Medium,,Red,,,example-shirt-m,200.0,shopify,32,deny,manual,20,25,true,true,,https://cdn.shopify.com/s/files/1/0874/8928/2359/files/ciseco_p_-14.png?v=1714202399,3,"",,,,,,,,,,,,,,,,g,,,,,,,,,
example-t-shirt,,,,,,,,,Lithograph,,Green,,,"",3629.0,shopify,0,deny,manual,25,,true,true,"",,,,,,,,,,,,,,,,,,,g,,,,,,,,,
example-t-shirt,,,,,,,,,Lithograph,,Black,,,"",3629.0,shopify,0,deny,manual,25,,true,true,"",,,,,,,,,,,,,,,,,,,g,,,,,,,,,
example-t-shirt,,,,,,,,,Lithograph,,Orange,,,"",3629.0,shopify,0,deny,manual,25,,true,true,"",,,,,,,,,,,,,,,,,,,g,,,,,,,,,
example-t-shirt,,,,,,,,,Small,,Green,,,"",3629.0,shopify,0,deny,manual,25,,true,true,"",,,,,,,,,,,,,,,,,,,g,,,,,,,,,
example-t-shirt,,,,,,,,,Small,,Black,,,"",3629.0,shopify,0,deny,manual,25,,true,true,"",,,,,,,,,,,,,,,,,,,g,,,,,,,,,
example-t-shirt,,,,,,,,,Small,,Orange,,,"",3629.0,shopify,0,deny,manual,25,,true,true,"",,,,,,,,,,,,,,,,,,,g,,,,,,,,,
example-t-shirt,,,,,,,,,Medium,,Green,,,"",3629.0,shopify,0,deny,manual,25,,true,true,"",,,,,,,,,,,,,,,,,,,g,,,,,,,,,
example-t-shirt,,,,,,,,,Medium,,Black,,,"",3629.0,shopify,0,deny,manual,25,,true,true,"",,,,,,,,,,,,,,,,,,,g,,,,,,,,,
example-t-shirt,,,,,,,,,Medium,,Orange,,,"",3629.0,shopify,0,deny,manual,25,,true,true,"",,,,,,,,,,,,,,,,,,,g,,,,,,,,,
